n,p,lambda,rho,S
100000,5e-05,1.06,4,0.99999
100000,5e-05,1.04,4,0.99999
100000,5e-05,1.01,4,0.99999
100000,5e-05,1.07,4,0.99999
100000,5e-05,1.06,4,0.99999
100000,5e-05,1.01,4,0.99532
100000,5e-05,1.07,4,0.99998
100000,5e-05,1.09,4,0.99976
100000,5e-05,1.02,4,0.99999
100000,5e-05,1.09,4,0.99998
100000,5e-05,1.01,4,0.99997
100000,5e-05,1.01,4,0.99999
100000,5e-05,1.04,4,0.99999
100000,5e-05,1.04,4,0.99989
100000,5e-05,1.0,4,0.99999
100000,5e-05,1.02,4,0.99991
100000,5e-05,1.05,4,0.99974
100000,5e-05,1.02,4,0.99998
100000,5e-05,1.01,4,0.99999
100000,5e-05,0.8,4,0.99999
100000,5e-05,8.2,4,0.00431
100000,5e-05,5.5,4,0.00383
100000,5e-05,6.9,4,0.00441
100000,5e-05,9.8,4,0.00454
100000,5e-05,6.8,4,0.00391
100000,5e-05,4.0,4,0.00314
100000,5e-05,10.0,4,0.00472
100000,5e-05,5.0,4,0.00339
100000,5e-05,8.3,4,0.00436
100000,5e-05,7.9,4,0.00438
100000,5e-05,9.7,4,0.00468
100000,5e-05,7.9,4,0.00414
100000,5e-05,4.6,4,0.99999
100000,5e-05,9.2,4,0.00475
100000,5e-05,2.7,4,0.00418
100000,5e-05,8.5,4,0.00462
100000,5e-05,0.7,4,0.99998
100000,5e-05,6.6,4,0.00387
100000,5e-05,5.5,4,0.00373
100000,5e-05,9.1,4,0.00438
100000,5e-05,3.5,4,0.99997
100000,5e-05,3.3,4,0.99999
100000,5e-05,9.3,4,0.00455
100000,5e-05,5.7,4,0.00361
100000,5e-05,9.4,4,0.00471
100000,5e-05,7.2,4,0.00434
100000,5e-05,8.0,4,0.00403
100000,5e-05,0.6,4,0.99998
100000,5e-05,2.4,4,0.0051
100000,5e-05,9.5,4,0.005
100000,5e-05,4.9,4,0.00356
100000,5e-05,1.4,4,0.99999
100000,5e-05,9.8,4,0.00473
100000,5e-05,8.2,4,0.00439
100000,5e-05,5.0,4,0.0037
100000,5e-05,9.8,4,0.00441
100000,5e-05,2.8,4,0.00371
100000,5e-05,7.4,4,0.99999
100000,5e-05,5.5,4,0.00384
100000,5e-05,9.5,4,0.00468
100000,5e-05,5.2,4,0.00358
100000,5e-05,8.1,4,0.00447
100000,5e-05,3.4,4,0.0031
100000,5e-05,1.6,4,0.0147
100000,5e-05,8.4,4,0.0043
100000,5e-05,5.1,4,0.00336
100000,5e-05,5.2,4,0.99998
100000,5e-05,7.3,4,0.00417
100000,5e-05,8.4,4,0.00412
100000,5e-05,3.1,4,0.00372
100000,5e-05,8.8,4,0.00461
100000,5e-05,1.7,4,0.99997
100000,5e-05,9.1,4,0.00456
100000,5e-05,0.8,4,0.99998
100000,5e-05,1.1,4,0.99999
100000,5e-05,0.1,4,0.99999
100000,5e-05,9.3,4,0.99999
100000,5e-05,4.2,4,0.00272
100000,5e-05,5.1,4,0.00343
100000,5e-05,3.8,4,0.00306
100000,5e-05,5.3,4,0.00341
100000,5e-05,6.3,4,0.00399
100000,5e-05,3.5,4,0.00347
100000,5e-05,2.6,4,0.00424
100000,5e-05,4.7,4,0.00352
100000,5e-05,4.9,4,0.0034
100000,5e-05,4.8,4,0.00355
100000,5e-05,7.3,4,0.00422
100000,5e-05,9.1,4,0.00425
100000,5e-05,9.8,4,0.00497
100000,5e-05,7.5,4,0.00454
100000,5e-05,5.1,4,0.00341
100000,5e-05,7.0,4,0.00445
100000,5e-05,2.7,4,0.00392
100000,5e-05,4.2,4,0.00311
100000,5e-05,7.4,4,0.00391
100000,5e-05,8.4,4,0.00455
100000,5e-05,1.4,4,0.99998
100000,5e-05,7.6,4,0.00402
100000,5e-05,3.5,4,0.00318
100000,5e-05,2.7,4,0.00391
100000,5e-05,9.0,4,0.0044
100000,5e-05,2.5,4,0.00494
100000,5e-05,1.7,4,0.01175
100000,5e-05,5.7,4,0.00386
100000,5e-05,2.9,4,0.00383
100000,5e-05,2.7,4,0.00395
100000,5e-05,3.4,4,0.00389
100000,5e-05,6.3,4,0.00376
100000,5e-05,3.1,4,0.99999
100000,5e-05,8.7,4,0.00464
100000,5e-05,7.7,4,0.00419
100000,5e-05,7.8,4,0.0042
100000,5e-05,8.6,4,0.99999
100000,5e-05,7.6,4,0.00402
100000,5e-05,0.3,4,0.99999
100000,5e-05,6.0,4,0.00341
100000,5e-05,3.3,4,0.00345
100000,5e-05,3.4,4,0.00314
100000,5e-05,4.7,4,0.00356
100000,5e-05,0.4,4,0.99999
100000,5e-05,0.8,4,0.9999
100000,5e-05,2.0,4,0.99996
100000,5e-05,8.7,4,0.00413
100000,5e-05,3.3,4,0.00331
100000,5e-05,8.5,4,0.0046
100000,5e-05,8.5,4,0.00418
100000,5e-05,2.9,4,0.00404
100000,5e-05,7.5,4,0.00404
100000,5e-05,7.2,4,0.00384
100000,5e-05,8.4,4,0.0045
100000,5e-05,5.5,4,0.00326
100000,5e-05,3.9,4,0.00348
100000,5e-05,9.0,4,0.0044
100000,5e-05,8.7,4,0.00432
100000,5e-05,4.7,4,0.00358
100000,5e-05,9.6,4,0.00451
100000,5e-05,8.7,4,0.00437
100000,5e-05,2.0,4,0.99998
100000,5e-05,0.6,4,0.99999
100000,5e-05,4.8,4,0.00338
100000,5e-05,3.1,4,0.00351
100000,5e-05,3.9,4,0.00348
100000,5e-05,4.3,4,0.00311
100000,5e-05,7.7,4,0.00417
100000,5e-05,2.7,4,0.99999
100000,5e-05,9.5,4,0.00457
100000,5e-05,1.7,4,0.01201
100000,5e-05,9.6,4,0.99997
100000,5e-05,2.2,4,0.00527
100000,5e-05,2.5,4,0.0044
100000,5e-05,9.1,4,0.00469
100000,5e-05,0.4,4,0.99999
100000,5e-05,7.8,4,0.00391
100000,5e-05,0.0,4,0.99999
100000,5e-05,0.5,4,0.99995
100000,5e-05,8.2,4,0.00485
100000,5e-05,5.5,4,0.0034
100000,5e-05,0.5,4,0.99998
100000,5e-05,8.0,4,0.00435
100000,5e-05,5.8,4,0.00351
100000,5e-05,3.9,4,0.00322
100000,5e-05,4.3,4,0.0032
100000,5e-05,8.1,4,0.00428
100000,5e-05,4.5,4,0.00341
100000,5e-05,9.0,4,0.00426
100000,5e-05,3.2,4,0.00362
100000,5e-05,3.6,4,0.00309
100000,5e-05,5.9,4,0.00348
100000,5e-05,9.5,4,0.00446
100000,5e-05,9.5,4,0.00509
100000,5e-05,7.0,4,0.00411
100000,5e-05,9.8,4,0.00472
100000,5e-05,5.9,4,0.00349
100000,5e-05,0.7,4,0.99999
100000,5e-05,4.6,4,0.00328
100000,5e-05,4.6,4,0.00313
100000,5e-05,6.2,4,0.00388
100000,5e-05,7.8,4,0.00455
100000,5e-05,8.0,4,0.00454
100000,5e-05,5.9,4,0.00375
100000,5e-05,0.4,4,0.99999
100000,5e-05,9.5,4,0.00418
100000,5e-05,1.7,4,0.99998
100000,5e-05,3.9,4,0.00297
100000,5e-05,4.2,4,0.00353
100000,5e-05,5.6,4,0.00368
100000,5e-05,1.5,4,0.99999
100000,5e-05,8.6,4,0.00415
100000,5e-05,5.7,4,0.00384
100000,5e-05,5.3,4,0.00362
100000,5e-05,9.1,4,0.0044
100000,5e-05,2.7,4,0.99999
100000,5e-05,1.9,4,0.00806
100000,5e-05,7.4,4,0.00429
100000,5e-05,2.8,4,0.99997
100000,5e-05,9.7,4,0.00471
100000,5e-05,2.9,4,0.99999
100000,5e-05,2.4,4,0.00475
100000,5e-05,6.6,4,0.00403
100000,5e-05,8.0,4,0.00453
100000,5e-05,4.0,4,0.00325
100000,5e-05,3.4,4,0.00326
100000,5e-05,1.9,4,0.00837
100000,5e-05,1.0,4,0.99988
100000,5e-05,5.9,4,0.00396
100000,5e-05,2.5,4,0.00465
100000,5e-05,2.8,4,0.00396
100000,5e-05,2.2,4,0.00619
100000,5e-05,2.8,4,0.00376
100000,5e-05,4.3,4,0.00325
100000,5e-05,5.2,4,0.00351
100000,5e-05,1.1,4,0.99999
100000,5e-05,0.8,4,0.99989
100000,5e-05,6.0,4,0.00378
100000,5e-05,2.9,4,0.00336
100000,5e-05,2.9,4,0.00336
100000,5e-05,7.1,4,0.00424
100000,5e-05,8.4,4,0.00462
100000,5e-05,0.0,4,0.99999
100000,5e-05,7.0,4,0.00399
100000,5e-05,2.6,4,0.00429
100000,5e-05,3.0,4,0.0035
100000,5e-05,8.4,4,0.00465
100000,5e-05,3.3,4,0.99999
100000,5e-05,2.8,4,0.00386
100000,5e-05,0.2,4,0.99999
100000,5e-05,7.2,4,0.00421
100000,5e-05,1.4,4,0.99994
100000,5e-05,8.9,4,0.00503
100000,5e-05,6.6,4,0.00371
100000,5e-05,4.6,4,0.00316
100000,5e-05,9.0,4,0.00438
100000,5e-05,9.5,4,0.00458
100000,5e-05,0.2,4,0.99999
100000,5e-05,4.4,4,0.0033
100000,5e-05,7.9,4,0.00452
100000,5e-05,0.5,4,0.99999
100000,5e-05,8.3,4,0.00409
100000,5e-05,8.6,4,0.00396
100000,5e-05,1.2,4,0.99999
100000,5e-05,8.5,4,0.00458
100000,5e-05,6.9,4,0.00405
100000,5e-05,8.7,4,0.00457
100000,5e-05,0.1,4,0.99999
100000,5e-05,4.6,4,0.00315
100000,5e-05,6.1,4,0.00345
100000,5e-05,4.7,4,0.00338
100000,5e-05,3.8,4,0.00341
100000,5e-05,7.3,4,0.00412
100000,5e-05,9.6,4,0.00468
100000,5e-05,2.3,4,0.00508
100000,5e-05,8.4,4,0.0044
100000,5e-05,2.6,4,0.00439
100000,5e-05,0.0,4,0.99999
100000,5e-05,9.1,4,0.00457
100000,5e-05,0.7,4,0.99999
100000,5e-05,0.3,4,0.99999
100000,5e-05,5.6,4,0.00361
100000,5e-05,6.4,4,0.00369
100000,5e-05,3.9,4,0.00344
100000,5e-05,7.1,4,0.00426
100000,5e-05,1.5,4,0.01876
100000,5e-05,7.6,4,0.0041
100000,5e-05,2.9,4,0.00399
100000,5e-05,8.5,4,0.00435
100000,5e-05,9.8,4,0.00476
100000,5e-05,4.1,4,0.00327
100000,5e-05,7.8,4,0.00395
100000,5e-05,3.1,4,0.00358
100000,5e-05,3.0,4,0.00345
100000,5e-05,7.1,4,0.00388
100000,5e-05,1.4,4,0.99999
100000,5e-05,0.7,4,0.99998
100000,5e-05,3.5,4,0.00343
100000,5e-05,9.7,4,0.00465
100000,5e-05,7.7,4,0.00392
100000,5e-05,5.5,4,0.00369
100000,5e-05,3.1,4,0.00334
100000,5e-05,2.4,4,0.99994
100000,5e-05,7.3,4,0.00389
100000,5e-05,2.7,4,0.00422
100000,5e-05,9.6,4,0.00518
100000,5e-05,9.5,4,0.00466
100000,5e-05,9.3,4,0.00451
100000,5e-05,3.3,4,0.00354
100000,5e-05,9.1,4,0.00425
100000,5e-05,5.7,4,0.99999
100000,5e-05,5.5,4,0.99998
100000,5e-05,6.0,4,0.00379
100000,5e-05,0.7,4,0.99999
100000,5e-05,6.6,4,0.00374
100000,5e-05,2.2,4,0.99999
100000,5e-05,4.4,4,0.00344
100000,5e-05,4.4,4,0.00334
100000,5e-05,7.8,4,0.00455
100000,5e-05,0.9,4,0.99996
100000,5e-05,8.0,4,0.00422
100000,5e-05,8.4,4,0.00497
100000,5e-05,2.5,4,0.00438
100000,5e-05,4.4,4,0.00309
100000,5e-05,5.3,4,0.99999
100000,5e-05,8.8,4,0.00467
100000,5e-05,9.5,4,0.00457
100000,5e-05,0.7,4,0.99999
100000,5e-05,4.4,4,0.00323
100000,5e-05,9.8,4,0.00496
100000,5e-05,4.5,4,0.00297
100000,5e-05,4.2,4,0.00307
100000,5e-05,7.1,4,0.00406
100000,5e-05,1.9,4,0.00837
100000,5e-05,2.6,4,0.00367
100000,5e-05,9.5,4,0.00485
100000,5e-05,7.0,4,0.00398
100000,5e-05,6.1,4,0.00368
100000,5e-05,1.4,4,0.99999
100000,5e-05,4.6,4,0.00336
100000,5e-05,7.4,4,0.00432
100000,5e-05,9.2,4,0.00515
100000,5e-05,4.2,4,0.00326
100000,5e-05,1.1,4,0.99948
100000,5e-05,10.0,4,0.00462
100000,5e-05,5.1,4,0.00366
100000,5e-05,8.2,4,0.00388
100000,5e-05,4.8,4,0.00322
100000,5e-05,1.3,4,0.99999
100000,5e-05,8.6,4,0.00449
100000,5e-05,0.8,4,0.99999
100000,5e-05,6.1,4,0.00396
100000,5e-05,7.8,4,0.00441
100000,5e-05,7.3,4,0.00446
100000,5e-05,5.9,4,0.00395
100000,5e-05,6.2,4,0.00362
100000,5e-05,2.8,4,0.00335
100000,5e-05,9.3,4,0.0044
100000,5e-05,9.6,4,0.00479
100000,5e-05,5.9,4,0.00389
100000,5e-05,5.8,4,0.99999
100000,5e-05,3.6,4,0.99999
100000,5e-05,2.1,4,0.99998
100000,5e-05,8.1,4,0.00477
100000,5e-05,3.9,4,0.00308
100000,5e-05,3.4,4,0.00332
100000,5e-05,8.2,4,0.00447
100000,5e-05,4.9,4,0.00314
100000,5e-05,9.9,4,0.00481
100000,5e-05,3.1,4,0.00375
100000,5e-05,6.8,4,0.00402
100000,5e-05,5.7,4,0.00374
100000,5e-05,6.2,4,0.00362
100000,5e-05,8.1,4,0.00439
100000,5e-05,1.9,4,0.00856
100000,5e-05,9.8,4,0.99999
100000,5e-05,5.9,4,0.99999
100000,5e-05,4.1,4,0.00315
100000,5e-05,6.3,4,0.00386
100000,5e-05,6.8,4,0.0038
100000,5e-05,5.2,4,0.00347
100000,5e-05,4.1,4,0.00316
100000,5e-05,1.1,4,0.99999
100000,5e-05,6.6,4,0.00402
100000,5e-05,5.4,4,0.99999
100000,5e-05,0.4,4,0.99999
100000,5e-05,5.8,4,0.0038
100000,5e-05,5.5,4,0.0035
100000,5e-05,9.2,4,0.00437
100000,5e-05,6.7,4,0.00422
100000,5e-05,2.5,4,0.00427
100000,5e-05,1.1,4,0.99997
100000,5e-05,3.0,4,0.00391
100000,5e-05,6.3,4,0.00361
100000,5e-05,8.9,4,0.99999
100000,5e-05,3.3,4,0.00323
100000,5e-05,9.2,4,0.00455
100000,5e-05,7.0,4,0.00387
100000,5e-05,9.4,4,0.00438
100000,5e-05,8.1,4,0.00418
100000,5e-05,2.1,4,0.99999
100000,5e-05,9.5,4,0.00489
100000,5e-05,4.8,4,0.00336
100000,5e-05,3.2,4,0.00323
100000,5e-05,4.8,4,0.00307
100000,5e-05,1.7,4,0.01202
100000,5e-05,9.4,4,0.0046
100000,5e-05,8.9,4,0.00448
100000,5e-05,0.7,4,0.99968
100000,5e-05,4.0,4,0.00312
100000,5e-05,8.8,4,0.99999
100000,5e-05,6.4,4,0.0037
100000,5e-05,6.1,4,0.0036
100000,5e-05,1.0,4,0.99999
100000,5e-05,3.4,4,0.0033
100000,5e-05,8.4,4,0.00443
100000,5e-05,0.9,4,0.99997
100000,5e-05,9.9,4,0.00482
100000,5e-05,1.6,4,0.0159
100000,5e-05,9.5,4,0.00476
100000,5e-05,6.1,4,0.00365
100000,5e-05,1.1,4,0.99997
100000,5e-05,3.2,4,0.00311
100000,5e-05,5.5,4,0.00357
100000,5e-05,1.7,4,0.01245
100000,5e-05,4.4,4,0.00324
100000,5e-05,4.5,4,0.0037
100000,5e-05,0.1,4,0.99999
100000,5e-05,2.3,4,0.99999
100000,5e-05,0.7,4,0.99999
100000,5e-05,4.7,4,0.00333
100000,5e-05,7.3,4,0.00414
100000,5e-05,2.9,4,0.99999
100000,5e-05,3.7,4,0.00315
100000,5e-05,7.5,4,0.00443
100000,5e-05,2.7,4,0.00397
100000,5e-05,6.4,4,0.00371
100000,5e-05,1.8,4,0.01046
100000,5e-05,5.5,4,0.00359
100000,5e-05,4.9,4,0.00377
100000,5e-05,10.0,4,0.00469
100000,5e-05,0.6,4,0.99998
100000,5e-05,4.7,4,0.99999
100000,5e-05,2.2,4,0.00554
100000,5e-05,2.4,4,0.00494
100000,5e-05,8.6,4,0.00409
100000,5e-05,2.7,4,0.0041
100000,5e-05,1.4,4,0.02522
100000,5e-05,9.2,4,0.00406
100000,5e-05,3.0,4,0.99999
100000,5e-05,6.6,4,0.00361
100000,5e-05,8.7,4,0.00483
100000,5e-05,8.1,4,0.00414
100000,5e-05,6.9,4,0.00423
100000,5e-05,7.6,4,0.00415
100000,5e-05,5.1,4,0.00343
100000,5e-05,10.0,4,0.00499
100000,5e-05,0.3,4,0.99999
100000,5e-05,8.6,4,0.00448
100000,5e-05,0.8,4,0.99999
100000,5e-05,3.6,4,0.00322
100000,5e-05,5.4,4,0.00347
100000,5e-05,8.2,4,0.00435
100000,5e-05,0.5,4,0.99996
100000,5e-05,0.3,4,0.99998
100000,5e-05,5.1,4,0.00374
100000,5e-05,9.3,4,0.00448
100000,5e-05,5.5,4,0.00374
100000,5e-05,5.8,4,0.00364
100000,5e-05,4.6,4,0.99999
100000,5e-05,0.5,4,0.99988
100000,5e-05,5.9,4,0.00376
100000,5e-05,9.5,4,0.00425
100000,5e-05,6.8,4,0.00396
100000,5e-05,7.6,4,0.00423
100000,5e-05,8.9,4,0.00416
100000,5e-05,3.4,4,0.00328
100000,5e-05,9.1,4,0.00413
100000,5e-05,5.6,4,0.00351
100000,5e-05,0.1,4,0.99995
100000,5e-05,7.6,4,0.00404
100000,5e-05,1.0,4,0.99867
100000,5e-05,4.9,4,0.00365
100000,5e-05,6.8,4,0.00384
100000,5e-05,2.3,4,0.00506
100000,5e-05,8.2,4,0.00439
100000,5e-05,9.7,4,0.0045
100000,5e-05,0.6,4,0.99999
100000,5e-05,6.4,4,0.00376
100000,5e-05,7.5,4,0.00426
100000,5e-05,5.0,4,0.00325
100000,5e-05,6.5,4,0.00393
100000,5e-05,5.4,4,0.00353
100000,5e-05,4.4,4,0.99999
100000,5e-05,4.3,4,0.00302
100000,5e-05,3.4,4,0.00335
100000,5e-05,1.1,4,0.99997
100000,5e-05,2.5,4,0.99999
100000,5e-05,1.5,4,0.99999
100000,5e-05,7.5,4,0.00402
100000,5e-05,5.9,4,0.00407
100000,5e-05,5.3,4,0.00375
100000,5e-05,7.7,4,0.00439
100000,5e-05,5.3,4,0.00342
100000,5e-05,8.6,4,0.0044
100000,5e-05,2.6,4,0.00419
100000,5e-05,9.7,4,0.00459
100000,5e-05,7.6,4,0.00404
100000,5e-05,0.2,4,0.99999
100000,5e-05,8.9,4,0.00491
100000,5e-05,0.3,4,0.99999
100000,5e-05,6.4,4,0.00385
100000,5e-05,6.1,4,0.00427
100000,5e-05,7.4,4,0.00442
100000,5e-05,0.0,4,0.99999
100000,5e-05,1.6,4,0.01435
100000,5e-05,3.3,4,0.00325
100000,5e-05,3.1,4,0.00367
100000,5e-05,3.3,4,0.00332
100000,5e-05,1.7,4,0.01111
100000,5e-05,2.4,4,0.00466
100000,5e-05,9.6,4,0.00482
100000,5e-05,7.1,4,0.00421
100000,5e-05,7.7,4,0.00454
100000,5e-05,1.6,4,0.01486
100000,5e-05,2.7,4,0.00405
100000,5e-05,7.6,4,0.00427
100000,5e-05,9.1,4,0.00502
100000,5e-05,6.3,4,0.00332
100000,5e-05,6.9,4,0.00401
100000,5e-05,7.1,4,0.00429
100000,5e-05,6.4,4,0.00386
100000,5e-05,1.3,4,0.03252
100000,5e-05,3.2,4,0.00339
100000,5e-05,9.1,4,0.00499
100000,5e-05,2.7,4,0.00425
100000,5e-05,8.1,4,0.00443
100000,5e-05,7.4,4,0.00412
100000,5e-05,2.4,4,0.99995
100000,5e-05,7.9,4,0.00398
100000,5e-05,3.4,4,0.0035
100000,5e-05,2.9,4,0.00368
100000,5e-05,8.2,4,0.00433
100000,5e-05,2.8,4,0.99999
100000,5e-05,9.1,4,0.00463
100000,5e-05,7.7,4,0.00458
100000,5e-05,1.4,4,0.02454
100000,5e-05,3.5,4,0.00344
100000,5e-05,2.1,4,0.00597
100000,5e-05,2.7,4,0.99999
100000,5e-05,2.4,4,0.00476
100000,5e-05,5.0,4,0.00319
100000,5e-05,10.0,4,0.00474
100000,5e-05,1.6,4,0.01484
100000,5e-05,3.8,4,0.99999
100000,5e-05,4.3,4,0.00301
100000,5e-05,9.3,4,0.00451
100000,5e-05,5.8,4,0.00361
100000,5e-05,0.6,4,0.99999
100000,5e-05,6.1,4,0.00377
100000,5e-05,8.4,4,0.00441
100000,5e-05,5.5,4,0.00337
100000,5e-05,4.0,4,0.00349
100000,5e-05,2.9,4,0.00384
100000,5e-05,0.6,4,0.99993
100000,5e-05,5.3,4,0.00345
100000,5e-05,5.3,4,0.00367
100000,5e-05,7.4,4,0.0046
100000,5e-05,6.7,4,0.00399
100000,5e-05,0.2,4,0.99999
100000,5e-05,9.8,4,0.00413
100000,5e-05,6.1,4,0.0039
100000,5e-05,8.0,4,0.99998
100000,5e-05,7.2,4,0.00387
100000,5e-05,7.6,4,0.00434
100000,5e-05,6.5,4,0.00387
100000,5e-05,2.2,4,0.00574
100000,5e-05,0.9,4,0.99999
100000,5e-05,0.8,4,0.99999
100000,5e-05,5.1,4,0.00351
100000,5e-05,3.7,4,0.00311
100000,5e-05,8.0,4,0.00402
100000,5e-05,2.0,4,0.00705
100000,5e-05,2.0,4,0.00731
100000,5e-05,4.5,4,0.00348
100000,5e-05,0.1,4,0.99998
100000,5e-05,5.5,4,0.00394
100000,5e-05,8.8,4,0.00439
100000,5e-05,1.8,4,0.01023
100000,5e-05,7.9,4,0.00422
100000,5e-05,2.5,4,0.00427
100000,5e-05,7.3,4,0.00444
100000,5e-05,7.3,4,0.99999
100000,5e-05,0.8,4,0.99939
100000,5e-05,5.3,4,0.00363
100000,5e-05,0.0,4,0.99999
100000,5e-05,3.3,4,0.00332
100000,5e-05,1.3,4,0.99996
100000,5e-05,9.6,4,0.00421
100000,5e-05,4.6,4,0.00321
100000,5e-05,9.5,4,0.00455
100000,5e-05,5.2,4,0.0033
100000,5e-05,5.1,4,0.99998
100000,5e-05,3.7,4,0.00352
100000,5e-05,5.7,4,0.0039
100000,5e-05,1.8,4,0.01026
100000,5e-05,8.1,4,0.0045
100000,5e-05,2.0,4,0.00754
100000,5e-05,3.2,4,0.00329
100000,5e-05,6.4,4,0.00413
100000,5e-05,7.5,4,0.00422
100000,5e-05,5.4,4,0.00341
100000,5e-05,6.7,4,0.004
100000,5e-05,4.7,4,0.00314
100000,5e-05,5.8,4,0.00371
100000,5e-05,8.5,4,0.00408
100000,5e-05,7.1,4,0.00384
100000,5e-05,6.3,4,0.0037
100000,5e-05,3.1,4,0.00345
100000,5e-05,0.8,4,0.99996
100000,5e-05,9.5,4,0.00472
100000,5e-05,2.6,4,0.00405
100000,5e-05,9.6,4,0.00442
100000,5e-05,7.9,4,0.00414
100000,5e-05,5.9,4,0.0034
100000,5e-05,6.7,4,0.00347
100000,5e-05,6.5,4,0.00446
100000,5e-05,5.5,4,0.00343
100000,5e-05,2.0,4,0.00765
100000,5e-05,8.6,4,0.00412
100000,5e-05,6.8,4,0.00391
100000,5e-05,6.5,4,0.00386
100000,5e-05,4.7,4,0.00314
100000,5e-05,1.1,4,0.99992
100000,5e-05,3.6,4,0.00345
100000,5e-05,5.9,4,0.00382
100000,5e-05,3.5,4,0.00313
100000,5e-05,9.3,4,0.00446
100000,5e-05,8.1,4,0.004
100000,5e-05,4.6,4,0.00331
100000,5e-05,7.8,4,0.00433
100000,5e-05,5.9,4,0.0036
100000,5e-05,6.3,4,0.00403
100000,5e-05,8.3,4,0.00427
100000,5e-05,4.0,4,0.00337
100000,5e-05,4.1,4,0.00327
100000,5e-05,8.9,4,0.00475
100000,5e-05,0.5,4,0.99999
100000,5e-05,6.6,4,0.00389
100000,5e-05,4.8,4,0.00341
100000,5e-05,2.1,4,0.99999
100000,5e-05,8.4,4,0.00437
100000,5e-05,6.0,4,0.00369
100000,5e-05,8.0,4,0.00462
100000,5e-05,9.0,4,0.00447
100000,5e-05,3.2,4,0.99999
100000,5e-05,2.3,4,0.00509
100000,5e-05,4.2,4,0.00334
100000,5e-05,8.1,4,0.00451
100000,5e-05,0.6,4,0.99998
100000,5e-05,5.8,4,0.00353
100000,5e-05,9.7,4,0.00526
100000,5e-05,2.4,4,0.00493
100000,5e-05,8.7,4,0.00479
100000,5e-05,8.0,4,0.0046
100000,5e-05,5.5,4,0.00361
100000,5e-05,4.2,4,0.00297
100000,5e-05,3.6,4,0.00321
100000,5e-05,0.2,4,0.99999
100000,5e-05,5.9,4,0.00378
100000,5e-05,5.4,4,0.00378
100000,5e-05,0.8,4,0.99999
100000,5e-05,3.4,4,0.00336
100000,5e-05,9.7,4,0.00472
100000,5e-05,7.8,4,0.0043
100000,5e-05,6.9,4,0.00395
100000,5e-05,0.6,4,0.99999
100000,5e-05,4.1,4,0.00304
100000,5e-05,2.3,4,0.00537
100000,5e-05,5.3,4,0.0034
100000,5e-05,8.2,4,0.00412
100000,5e-05,7.6,4,0.0039
100000,5e-05,0.5,4,0.99999
100000,5e-05,8.2,4,0.00459
100000,5e-05,5.6,4,0.00371
100000,5e-05,3.8,4,0.00355
100000,5e-05,0.4,4,0.99999
100000,5e-05,2.1,4,0.00651
100000,5e-05,6.7,4,0.00382
100000,5e-05,8.0,4,0.00435
100000,5e-05,1.2,4,0.99998
100000,5e-05,1.7,4,0.01203
100000,5e-05,8.8,4,0.00454
100000,5e-05,4.7,4,0.99999
100000,5e-05,2.7,4,0.99999
100000,5e-05,5.4,4,0.00343
100000,5e-05,4.1,4,0.00324
100000,5e-05,9.9,4,0.00492
100000,5e-05,5.0,4,0.00363
100000,5e-05,6.1,4,0.0037
100000,5e-05,7.2,4,0.00391
100000,5e-05,0.0,4,0.99999
100000,5e-05,6.1,4,0.99999
100000,5e-05,4.8,4,0.00341
100000,5e-05,2.9,4,0.00334
100000,5e-05,3.5,4,0.00329
100000,5e-05,8.5,4,0.00481
100000,5e-05,5.4,4,0.00358
100000,5e-05,3.3,4,0.00355
100000,5e-05,2.3,4,0.00492
100000,5e-05,1.4,4,0.02447
100000,5e-05,1.0,4,0.99995
100000,5e-05,9.6,4,0.00488
100000,5e-05,0.6,4,0.99998
100000,5e-05,0.7,4,0.99993
100000,5e-05,1.1,4,0.99999
100000,5e-05,4.8,4,0.99999
100000,5e-05,8.8,4,0.00443
100000,5e-05,4.9,4,0.99998
100000,5e-05,3.0,4,0.00384
100000,5e-05,0.2,4,0.99996
100000,5e-05,5.6,4,0.00336
100000,5e-05,9.9,4,0.00474
100000,5e-05,6.5,4,0.00399
100000,5e-05,2.9,4,0.00405
100000,5e-05,4.6,4,0.00344
100000,5e-05,8.1,4,0.0045
100000,5e-05,9.0,4,0.00446
100000,5e-05,3.1,4,0.00298
100000,5e-05,5.8,4,0.00357
100000,5e-05,0.7,4,0.99999
100000,5e-05,0.7,4,0.99999
100000,5e-05,3.4,4,0.00312
100000,5e-05,6.5,4,0.00428
100000,5e-05,5.9,4,0.00355
100000,5e-05,1.5,4,0.99999
100000,5e-05,3.3,4,0.0034
100000,5e-05,0.9,4,0.99999
100000,5e-05,1.8,4,0.01021
100000,5e-05,9.8,4,0.00458
100000,5e-05,5.0,4,0.0032
100000,5e-05,2.6,4,0.00399
100000,5e-05,7.7,4,0.0042
100000,5e-05,7.1,4,0.00401
100000,5e-05,8.9,4,0.00429
100000,5e-05,4.0,4,0.00349
100000,5e-05,9.8,4,0.0047
100000,5e-05,7.9,4,0.00464
100000,5e-05,8.4,4,0.00424
100000,5e-05,6.0,4,0.00409
100000,5e-05,4.9,4,0.00325
100000,5e-05,0.7,4,0.99999
100000,5e-05,7.2,4,0.00381
100000,5e-05,6.9,4,0.00401
100000,5e-05,4.3,4,0.00324
100000,5e-05,8.9,4,0.00443
100000,5e-05,6.6,4,0.00421
100000,5e-05,3.0,4,0.00341
100000,5e-05,3.9,4,0.00325
100000,5e-05,8.8,4,0.00448
100000,5e-05,1.3,4,0.99998
100000,5e-05,4.0,4,0.00335
100000,5e-05,2.6,4,0.0041
100000,5e-05,4.0,4,0.00326
100000,5e-05,3.9,4,0.00349
100000,5e-05,9.5,4,0.00463
100000,5e-05,1.0,4,0.99999
100000,5e-05,0.6,4,0.99997
100000,5e-05,1.5,4,0.99998
100000,5e-05,1.1,4,0.99999
100000,5e-05,5.0,4,0.0031
100000,5e-05,9.3,4,0.00475
100000,5e-05,6.8,4,0.00373
100000,5e-05,5.3,4,0.00348
100000,5e-05,7.2,4,0.00461
100000,5e-05,9.1,4,0.00431
100000,5e-05,1.0,4,0.99999
100000,5e-05,0.5,4,0.99999
100000,5e-05,4.0,4,0.00363
100000,5e-05,7.3,4,0.00379
100000,5e-05,6.5,4,0.00425
100000,5e-05,3.8,4,0.00319
100000,5e-05,9.1,4,0.00448
100000,5e-05,6.8,4,0.99999
100000,5e-05,5.2,4,0.00375
100000,5e-05,3.2,4,0.00395
100000,5e-05,1.2,4,0.99973
100000,5e-05,9.3,4,0.00484
100000,5e-05,3.6,4,0.00292
100000,5e-05,7.7,4,0.00441
100000,5e-05,9.7,4,0.00448
100000,5e-05,6.3,4,0.00429
100000,5e-05,9.6,4,0.00474
100000,5e-05,8.7,4,0.00425
100000,5e-05,5.3,4,0.00396
100000,5e-05,5.7,4,0.00364
100000,5e-05,2.9,4,0.00374
100000,5e-05,0.4,4,0.99998
100000,5e-05,3.5,4,0.00345
100000,5e-05,1.0,4,0.99998
100000,5e-05,3.8,4,0.00332
100000,5e-05,7.4,4,0.00406
100000,5e-05,0.3,4,0.99999
100000,5e-05,1.8,4,0.01007
100000,5e-05,6.0,4,0.00417
100000,5e-05,1.2,4,0.99999
100000,5e-05,7.9,4,0.00456
100000,5e-05,5.7,4,0.00371
100000,5e-05,4.5,4,0.00343
100000,5e-05,1.6,4,0.99999
100000,5e-05,5.2,4,0.00352
100000,5e-05,1.8,4,0.01079
100000,5e-05,7.7,4,0.00385
100000,5e-05,3.9,4,0.00323
100000,5e-05,7.4,4,0.0042
100000,5e-05,10.0,4,0.00501
100000,5e-05,9.2,4,0.00426
100000,5e-05,3.2,4,0.99999
100000,5e-05,6.0,4,0.00401
100000,5e-05,6.2,4,0.00393
100000,5e-05,8.1,4,0.00451
100000,5e-05,4.6,4,0.00324
100000,5e-05,1.8,4,0.99999
100000,5e-05,3.0,4,0.00364
100000,5e-05,6.8,4,0.0037
100000,5e-05,4.5,4,0.00296
100000,5e-05,1.5,4,0.99999
100000,5e-05,9.9,4,0.00457
100000,5e-05,8.6,4,0.00479
100000,5e-05,6.1,4,0.004
100000,5e-05,4.0,4,0.00356
100000,5e-05,0.6,4,0.99999
100000,5e-05,4.6,4,0.00367
100000,5e-05,5.2,4,0.00374
100000,5e-05,0.6,4,0.99999
100000,5e-05,6.0,4,0.00355
100000,5e-05,9.0,4,0.00445
100000,5e-05,8.8,4,0.00433
100000,5e-05,6.8,4,0.00443
100000,5e-05,5.5,4,0.00396
100000,5e-05,2.1,4,0.99993
100000,5e-05,5.9,4,0.00392
100000,5e-05,6.2,4,0.00374
100000,5e-05,7.0,4,0.00424
100000,5e-05,5.7,4,0.00337
100000,5e-05,7.0,4,0.00389
100000,5e-05,2.7,4,0.00398
100000,5e-05,1.0,4,0.99996
100000,5e-05,7.3,4,0.00417
100000,5e-05,2.6,4,0.00424
100000,5e-05,6.2,4,0.0038
100000,5e-05,5.8,4,0.00381
100000,5e-05,6.2,4,0.00365
100000,5e-05,2.6,4,0.00448
100000,5e-05,3.2,4,0.99999
100000,5e-05,2.8,4,0.99999
100000,5e-05,2.3,4,0.99998
100000,5e-05,8.0,4,0.00439
100000,5e-05,4.9,4,0.00356
100000,5e-05,7.7,4,0.00415
100000,5e-05,2.3,4,0.00567
100000,5e-05,5.8,4,0.0037
100000,5e-05,4.4,4,0.00329
100000,5e-05,5.8,4,0.00344
100000,5e-05,4.9,4,0.00326
100000,5e-05,7.7,4,0.00396
100000,5e-05,4.5,4,0.00339
100000,5e-05,6.7,4,0.00411
100000,5e-05,6.1,4,0.0039
100000,5e-05,4.4,4,0.99999
100000,5e-05,0.9,4,0.99995
100000,5e-05,5.3,4,0.00341
100000,5e-05,9.8,4,0.0048
100000,5e-05,6.6,4,0.00369
100000,5e-05,0.0,4,0.99999
100000,5e-05,3.4,4,0.99999
100000,5e-05,3.6,4,0.00325
100000,5e-05,2.6,4,0.00392
100000,5e-05,2.9,4,0.00373
100000,5e-05,0.3,4,0.99998
100000,5e-05,4.9,4,0.00326
100000,5e-05,3.8,4,0.00293
100000,5e-05,3.7,4,0.00339
100000,5e-05,1.6,4,0.01527
100000,5e-05,5.5,4,0.00396
100000,5e-05,8.3,4,0.00427
100000,5e-05,7.0,4,0.00405
100000,5e-05,4.7,4,0.0032
100000,5e-05,2.1,4,0.00607
100000,5e-05,7.7,4,0.00438
100000,5e-05,0.0,4,0.99999
100000,5e-05,8.7,4,0.00481
100000,5e-05,6.2,4,0.00359
100000,5e-05,1.7,4,0.01242
100000,5e-05,2.9,4,0.00357
100000,5e-05,3.7,4,0.00356
100000,5e-05,2.5,4,0.00409
100000,5e-05,9.1,4,0.00433
100000,5e-05,3.6,4,0.00339
100000,5e-05,3.0,4,0.99999
100000,5e-05,8.1,4,0.00456
100000,5e-05,5.1,4,0.00338
100000,5e-05,2.7,4,0.00393
100000,5e-05,0.3,4,0.99997
100000,5e-05,4.8,4,0.99999
100000,5e-05,8.7,4,0.00461
100000,5e-05,4.0,4,0.00322
100000,5e-05,0.1,4,0.99999
100000,5e-05,9.4,4,0.00451
100000,5e-05,5.6,4,0.0036
100000,5e-05,7.7,4,0.99999
100000,5e-05,2.0,4,0.00667
100000,5e-05,3.6,4,0.00336
100000,5e-05,4.9,4,0.99999
100000,5e-05,4.4,4,0.00369
100000,5e-05,1.0,4,0.99956
100000,5e-05,9.1,4,0.00474
100000,5e-05,6.7,4,0.00404
100000,5e-05,0.1,4,0.99999
100000,5e-05,8.2,4,0.99999
100000,5e-05,2.6,4,0.99999
100000,5e-05,7.1,4,0.00431
100000,5e-05,4.8,4,0.00332
100000,5e-05,4.3,4,0.0035
100000,5e-05,6.9,4,0.00374
100000,5e-05,5.6,4,0.00377
100000,5e-05,3.9,4,0.00316
100000,5e-05,1.3,4,0.99999
100000,5e-05,2.2,4,0.00572
100000,5e-05,2.2,4,0.0055
100000,5e-05,1.3,4,0.99996
100000,5e-05,6.0,4,0.00352
100000,5e-05,9.8,4,0.00485
100000,5e-05,0.9,4,0.99988
100000,5e-05,1.4,4,0.99999
100000,5e-05,9.5,4,0.00461
100000,5e-05,8.9,4,0.00438
100000,5e-05,4.4,4,0.00342
100000,5e-05,7.8,4,0.99999
100000,5e-05,4.6,4,0.00365
100000,5e-05,3.8,4,0.00338
100000,5e-05,1.2,4,0.99998
100000,5e-05,9.3,4,0.00451
100000,5e-05,4.2,4,0.00313
100000,5e-05,7.5,4,0.00435
100000,5e-05,1.5,4,0.01927
100000,5e-05,0.1,4,0.99999
100000,5e-05,1.8,4,0.00963
100000,5e-05,3.0,4,0.00358
100000,5e-05,3.5,4,0.99999
100000,5e-05,5.7,4,0.00378
100000,5e-05,8.6,4,0.00446
100000,5e-05,5.2,4,0.00363
100000,5e-05,8.2,4,0.00418
100000,5e-05,2.5,4,0.00445
100000,5e-05,6.4,4,0.00386
100000,5e-05,7.6,4,0.00414
100000,5e-05,1.8,4,0.99998
100000,5e-05,8.2,4,0.00438
100000,5e-05,8.7,4,0.00446
100000,5e-05,0.2,4,0.99999
100000,5e-05,2.2,4,0.0053
100000,5e-05,7.3,4,0.00403
100000,5e-05,4.7,4,0.00332
100000,5e-05,9.4,4,0.00464
100000,5e-05,6.4,4,0.00407
100000,5e-05,0.9,4,0.99999
100000,5e-05,9.7,4,0.00455
100000,5e-05,5.1,4,0.00347
100000,5e-05,4.1,4,0.00354
100000,5e-05,8.1,4,0.00417
100000,5e-05,5.4,4,0.99999
100000,5e-05,4.5,4,0.00295
100000,5e-05,0.0,4,0.99999
100000,5e-05,6.5,4,0.0039
100000,5e-05,7.7,4,0.00428
100000,5e-05,0.4,4,0.99999
100000,5e-05,6.9,4,0.00398
100000,5e-05,8.7,4,0.00473
100000,5e-05,9.8,4,0.00471
100000,5e-05,0.7,4,0.99979
100000,5e-05,0.3,4,0.99996
100000,5e-05,1.6,4,0.01534
100000,5e-05,6.0,4,0.004
100000,5e-05,2.9,4,0.99999
100000,5e-05,7.9,4,0.00439
100000,5e-05,3.9,4,0.00297
100000,5e-05,8.5,4,0.00436
100000,5e-05,8.6,4,0.00458
100000,5e-05,1.5,4,0.01972
100000,5e-05,3.8,4,0.00324
100000,5e-05,9.9,4,0.00478
100000,5e-05,6.8,4,0.00365
100000,5e-05,0.4,4,0.99997
100000,5e-05,2.8,4,0.00394
100000,5e-05,3.9,4,0.00318
100000,5e-05,7.5,4,0.00425
100000,5e-05,0.4,4,0.99993
100000,5e-05,7.2,4,0.00399
100000,5e-05,4.4,4,0.99999
100000,5e-05,3.9,4,0.00344
100000,5e-05,3.6,4,0.00315
100000,5e-05,3.4,4,0.00352
100000,5e-05,3.4,4,0.0037
100000,5e-05,9.0,4,0.00473
100000,5e-05,9.0,4,0.00457
100000,5e-05,0.2,4,0.99999
100000,5e-05,9.1,4,0.00467
100000,5e-05,8.0,4,0.00432
100000,5e-05,7.1,4,0.00422
100000,5e-05,0.8,4,0.99991
100000,5e-05,4.2,4,0.0034
100000,5e-05,6.5,4,0.00416
100000,5e-05,4.7,4,0.00365
100000,5e-05,8.6,4,0.00399
100000,5e-05,4.6,4,0.00356
100000,5e-05,5.8,4,0.00378
100000,5e-05,9.1,4,0.00446
100000,5e-05,7.0,4,0.00405
100000,5e-05,3.1,4,0.00332
100000,5e-05,5.7,4,0.00374
100000,5e-05,3.8,4,0.00345
100000,5e-05,4.6,4,0.00341
100000,5e-05,7.9,4,0.00429
100000,5e-05,4.5,4,0.99999
100000,5e-05,0.3,4,0.99998
100000,5e-05,9.3,4,0.00431
100000,5e-05,4.9,4,0.00343
100000,5e-05,0.8,4,0.99999
100000,5e-05,7.8,4,0.00424
100000,5e-05,6.1,4,0.00396
100000,5e-05,2.6,4,0.00383
100000,5e-05,3.9,4,0.00302
100000,5e-05,5.6,4,0.00373
100000,5e-05,8.4,4,0.99999
100000,5e-05,9.5,4,0.0047
100000,5e-05,1.3,4,0.99999
100000,5e-05,5.5,4,0.00342
100000,5e-05,5.1,4,0.00325
100000,5e-05,7.5,4,0.0043
100000,5e-05,8.5,4,0.00451
100000,5e-05,9.8,4,0.00478
100000,5e-05,5.7,4,0.00338
100000,5e-05,0.7,4,0.99999
100000,5e-05,3.2,4,0.00354
100000,5e-05,9.0,4,0.00463
100000,5e-05,3.4,4,0.00303
100000,5e-05,5.5,4,0.00354
100000,5e-05,5.4,4,0.0033
100000,5e-05,4.1,4,0.0033
100000,5e-05,3.0,4,0.0032
100000,5e-05,0.7,4,0.99999
100000,5e-05,7.9,4,0.00465
100000,5e-05,0.8,4,0.99998
100000,5e-05,4.4,4,0.99999
100000,5e-05,7.5,4,0.00398
100000,5e-05,8.8,4,0.00419
100000,5e-05,5.8,4,0.00376
100000,5e-05,4.4,4,0.00299
100000,5e-05,9.0,4,0.00424
100000,5e-05,7.2,4,0.0039
100000,5e-05,6.2,4,0.00359
100000,5e-05,7.5,4,0.00399
100000,5e-05,3.2,4,0.00362
100000,5e-05,3.9,4,0.00335
100000,5e-05,3.2,4,0.00344
100000,5e-05,6.5,4,0.00375
100000,5e-05,2.9,4,0.00412
100000,5e-05,2.8,4,0.99999
100000,5e-05,5.9,4,0.00348
100000,5e-05,8.8,4,0.00453
100000,5e-05,1.0,4,0.99998
100000,5e-05,7.0,4,0.00372
100000,5e-05,5.9,4,0.0039
100000,5e-05,5.0,4,0.00355
100000,5e-05,6.1,4,0.0036
100000,5e-05,9.6,4,0.00438
100000,5e-05,1.4,4,0.02526
100000,5e-05,1.9,4,0.99995
100000,5e-05,3.1,4,0.00312
100000,5e-05,5.6,4,0.00364
100000,5e-05,6.6,4,0.00399
100000,5e-05,4.8,4,0.00343
100000,5e-05,3.4,4,0.00316
100000,5e-05,7.5,4,0.00398
100000,5e-05,0.3,4,0.99999
100000,5e-05,6.5,4,0.00375
100000,5e-05,7.3,4,0.00421
100000,5e-05,0.1,4,0.99999
100000,5e-05,4.6,4,0.99998
100000,5e-05,5.7,4,0.00358
100000,5e-05,2.8,4,0.00388
100000,5e-05,2.5,4,0.00455
100000,5e-05,5.9,4,0.00379
100000,5e-05,0.7,4,0.99992
100000,5e-05,4.1,4,0.99999
100000,5e-05,9.3,4,0.99999
100000,5e-05,7.0,4,0.00399
100000,5e-05,9.1,4,0.00461
100000,5e-05,2.7,4,0.00421
100000,5e-05,2.5,4,0.00454
100000,5e-05,2.1,4,0.00616
100000,5e-05,1.3,4,0.03457
100000,5e-05,9.4,4,0.00472
100000,5e-05,3.8,4,0.00321
100000,5e-05,8.2,4,0.00421
100000,5e-05,8.9,4,0.00401
100000,5e-05,0.8,4,0.99993
100000,5e-05,7.4,4,0.00419
100000,5e-05,1.5,4,0.99987
100000,5e-05,7.1,4,0.99999
100000,5e-05,9.7,4,0.00469
100000,5e-05,6.5,4,0.00373
100000,5e-05,2.0,4,0.99999
100000,5e-05,7.9,4,0.004
100000,5e-05,2.8,4,0.00402
100000,5e-05,4.8,4,0.00338
100000,5e-05,1.3,4,0.0327
100000,5e-05,5.7,4,0.99999
100000,5e-05,9.7,4,0.00481
100000,5e-05,4.3,4,0.00357
100000,5e-05,5.4,4,0.00374
100000,5e-05,9.9,4,0.00455
100000,5e-05,4.8,4,0.00346
100000,5e-05,3.9,4,0.99999
100000,5e-05,9.6,4,0.00489
100000,5e-05,9.7,4,0.00472
100000,5e-05,8.7,4,0.00441
100000,5e-05,9.0,4,0.00442
100000,5e-05,6.0,4,0.00402
100000,5e-05,9.9,4,0.00467
100000,5e-05,6.8,4,0.00385
100000,5e-05,0.9,4,0.99999
100000,5e-05,0.3,4,0.99999
100000,5e-05,8.8,4,0.00449
100000,5e-05,5.6,4,0.00341
100000,5e-05,3.2,4,0.0032
100000,5e-05,6.7,4,0.00383
100000,5e-05,3.1,4,0.00337
100000,5e-05,3.6,4,0.00319
100000,5e-05,3.3,4,0.99999
100000,5e-05,4.8,4,0.00321
100000,5e-05,8.1,4,0.00433
100000,5e-05,1.7,4,0.01166
100000,5e-05,5.7,4,0.00344
100000,5e-05,9.8,4,0.0045
100000,5e-05,2.8,4,0.00393
100000,5e-05,4.0,4,0.00313
100000,5e-05,8.5,4,0.00453
100000,5e-05,3.6,4,0.99999
100000,5e-05,7.0,4,0.00391
100000,5e-05,1.1,4,0.99998
100000,5e-05,2.0,4,0.00713
100000,5e-05,3.2,4,0.00347
100000,5e-05,2.1,4,0.99999
100000,5e-05,9.4,4,0.00472
100000,5e-05,7.7,4,0.00421
100000,5e-05,6.4,4,0.00376
100000,5e-05,3.9,4,0.00316
100000,5e-05,7.4,4,0.00379
100000,5e-05,2.1,4,0.99999
100000,5e-05,9.9,4,0.00457
100000,5e-05,3.4,4,0.00313
100000,5e-05,0.7,4,0.99976
100000,5e-05,8.7,4,0.00464
100000,5e-05,4.9,4,0.00366
100000,5e-05,0.6,4,0.99999
100000,5e-05,1.1,4,0.99999
100000,5e-05,8.1,4,0.00453
100000,5e-05,9.2,4,0.00434
100000,5e-05,0.6,4,0.9998
100000,5e-05,9.7,4,0.00478
100000,5e-05,0.5,4,0.99999
100000,5e-05,2.2,4,0.99999
100000,5e-05,7.1,4,0.00394
100000,5e-05,9.4,4,0.00446
100000,5e-05,6.7,4,0.00405
100000,5e-05,5.3,4,0.0036
100000,5e-05,8.7,4,0.00449
100000,5e-05,5.2,4,0.00325
100000,5e-05,6.0,4,0.00359
100000,5e-05,8.7,4,0.00429
100000,5e-05,5.2,4,0.00403
100000,5e-05,4.3,4,0.0037
100000,5e-05,6.2,4,0.00375
100000,5e-05,2.0,4,0.00723
100000,5e-05,5.3,4,0.00375
100000,5e-05,6.7,4,0.00406
100000,5e-05,2.7,4,0.00442
100000,5e-05,4.5,4,0.00323
100000,5e-05,8.1,4,0.00413
100000,5e-05,7.1,4,0.00387
100000,5e-05,2.4,4,0.00484
100000,5e-05,7.1,4,0.99999
100000,5e-05,2.7,4,0.00404
100000,5e-05,1.5,4,0.99999
100000,5e-05,4.5,4,0.00299
100000,5e-05,8.9,4,0.00442
100000,5e-05,0.4,4,0.99999
100000,5e-05,7.1,4,0.00407
100000,5e-05,4.3,4,0.00348
100000,5e-05,3.4,4,0.00328
100000,5e-05,1.2,4,0.05049
100000,5e-05,5.2,4,0.00367
100000,5e-05,2.4,4,0.00511
100000,5e-05,9.3,4,0.99999
100000,5e-05,3.2,4,0.00329
100000,5e-05,0.3,4,0.99999
100000,5e-05,6.2,4,0.00381
100000,5e-05,2.7,4,0.00408
100000,5e-05,7.5,4,0.00416
100000,5e-05,2.8,4,0.00325
100000,5e-05,6.3,4,0.00359
100000,5e-05,6.9,4,0.00399
100000,5e-05,6.5,4,0.0041
100000,5e-05,4.1,4,0.99999
100000,5e-05,9.9,4,0.99999
100000,5e-05,5.0,4,0.00336
100000,5e-05,6.1,4,0.00346
100000,5e-05,2.4,4,0.00474
100000,5e-05,2.0,4,0.00739
100000,5e-05,6.3,4,0.00369
100000,5e-05,5.6,4,0.00347
100000,5e-05,3.0,4,0.0036
100000,5e-05,3.1,4,0.00338
100000,5e-05,3.2,4,0.00364
100000,5e-05,7.7,4,0.00416
100000,5e-05,1.1,4,0.99999
100000,5e-05,1.0,4,0.9996
100000,5e-05,0.5,4,0.99996
100000,5e-05,4.6,4,0.00322
100000,5e-05,0.1,4,0.99999
100000,5e-05,9.6,4,0.00462
100000,5e-05,8.4,4,0.00468
100000,5e-05,8.1,4,0.00442
100000,5e-05,0.4,4,0.99993
100000,5e-05,7.6,4,0.00421
100000,5e-05,0.2,4,0.99999
100000,5e-05,3.6,4,0.99999
100000,5e-05,9.3,4,0.00454
100000,5e-05,0.7,4,0.99999
100000,5e-05,3.7,4,0.00294
100000,5e-05,9.0,4,0.00474
100000,5e-05,1.5,4,0.01921
100000,5e-05,7.1,4,0.00398
100000,5e-05,8.5,4,0.00439
100000,5e-05,4.3,4,0.00365
100000,5e-05,1.3,4,0.03589
100000,5e-05,1.8,4,0.01065
100000,5e-05,1.9,4,0.99999
100000,5e-05,4.5,4,0.00357
100000,5e-05,1.3,4,0.99999
100000,5e-05,7.8,4,0.00381
100000,5e-05,5.9,4,0.00363
100000,5e-05,3.9,4,0.00335
100000,5e-05,6.1,4,0.00377
100000,5e-05,2.7,4,0.00454
100000,5e-05,8.4,4,0.00429
100000,5e-05,4.0,4,0.00329
100000,5e-05,8.0,4,0.00441
100000,5e-05,3.5,4,0.00362
100000,5e-05,4.0,4,0.00284
100000,5e-05,6.3,4,0.00344
100000,5e-05,4.3,4,0.00321
100000,5e-05,9.0,4,0.00446
100000,5e-05,1.9,4,0.00841
100000,5e-05,0.3,4,0.99999
100000,5e-05,5.9,4,0.00373
100000,5e-05,6.7,4,0.00404
100000,5e-05,6.2,4,0.99999
100000,5e-05,5.9,4,0.99999
100000,5e-05,6.7,4,0.00398
100000,5e-05,1.7,4,0.99998
100000,5e-05,6.4,4,0.99999
100000,5e-05,3.6,4,0.00302
100000,5e-05,1.7,4,0.01159
100000,5e-05,6.1,4,0.00381
100000,5e-05,6.9,4,0.00395
100000,5e-05,8.7,4,0.00435
100000,5e-05,3.1,4,0.00325
100000,5e-05,1.4,4,0.99999
100000,5e-05,7.2,4,0.00432
100000,5e-05,1.8,4,0.00991
100000,5e-05,6.9,4,0.00422
100000,5e-05,7.0,4,0.004
100000,5e-05,1.9,4,0.0087
100000,5e-05,6.4,4,0.00412
100000,5e-05,3.7,4,0.00314
100000,5e-05,9.5,4,0.00448
100000,5e-05,5.0,4,0.00318
100000,5e-05,7.5,4,0.004
100000,5e-05,0.4,4,0.99997
100000,5e-05,6.8,4,0.00427
100000,5e-05,5.0,4,0.00347
100000,5e-05,9.5,4,0.00444
100000,5e-05,3.2,4,0.00332
100000,5e-05,0.1,4,0.99999
100000,5e-05,7.5,4,0.00407
100000,5e-05,3.4,4,0.99998
100000,5e-05,7.0,4,0.00421
100000,5e-05,8.7,4,0.00407
100000,5e-05,8.1,4,0.00433
100000,5e-05,3.5,4,0.0033
100000,5e-05,10.0,4,0.00479
100000,5e-05,3.4,4,0.00337
100000,5e-05,1.9,4,0.99995
100000,5e-05,5.9,4,0.00339
100000,5e-05,0.2,4,0.99999
100000,5e-05,1.9,4,0.00805
100000,5e-05,4.6,4,0.99999
100000,5e-05,7.0,4,0.00383
100000,5e-05,4.7,4,0.00324
100000,5e-05,7.3,4,0.00407
100000,5e-05,5.0,4,0.00333
100000,5e-05,8.8,4,0.00465
100000,5e-05,4.3,4,0.00334
100000,5e-05,6.2,4,0.00394
100000,5e-05,8.7,4,0.00441
100000,5e-05,9.2,4,0.00468
100000,5e-05,9.3,4,0.00473
100000,5e-05,9.8,4,0.00475
100000,5e-05,9.3,4,0.00457
100000,5e-05,4.3,4,0.00363
100000,5e-05,8.8,4,0.00477
100000,5e-05,1.2,4,0.99995
100000,5e-05,1.2,4,0.99987
100000,5e-05,7.4,4,0.00406
100000,5e-05,3.5,4,0.0032
100000,5e-05,9.3,4,0.00464
100000,5e-05,1.7,4,0.01241
100000,5e-05,7.7,4,0.00413
100000,5e-05,6.2,4,0.00396
100000,5e-05,8.1,4,0.00428
100000,5e-05,2.4,4,0.00492
100000,5e-05,5.7,4,0.00384
100000,5e-05,4.1,4,0.00325
100000,5e-05,4.5,4,0.00309
100000,5e-05,7.6,4,0.00429
100000,5e-05,6.0,4,0.99998
100000,5e-05,1.9,4,0.99999
100000,5e-05,3.1,4,0.00341
100000,5e-05,8.1,4,0.00414
100000,5e-05,6.8,4,0.00425
100000,5e-05,0.0,4,0.99999
100000,5e-05,9.9,4,0.0048
100000,5e-05,6.2,4,0.00386
100000,5e-05,0.8,4,0.99995
100000,5e-05,0.6,4,0.99999
100000,5e-05,1.7,4,0.99999
100000,5e-05,3.3,4,0.00334
100000,5e-05,9.1,4,0.00502
100000,5e-05,6.9,4,0.00394
100000,5e-05,4.4,4,0.00333
100000,5e-05,5.9,4,0.00341
100000,5e-05,3.7,4,0.99997
100000,5e-05,9.1,4,0.00431
100000,5e-05,3.1,4,0.00341
100000,5e-05,9.8,4,0.00474
100000,5e-05,2.8,4,0.00385
100000,5e-05,8.4,4,0.00474
100000,5e-05,1.5,4,0.99998
100000,5e-05,4.2,4,0.0035
100000,5e-05,2.2,4,0.99999
100000,5e-05,3.2,4,0.00341
100000,5e-05,3.8,4,0.00328
100000,5e-05,3.9,4,0.00323
100000,5e-05,3.1,4,0.00352
100000,5e-05,4.7,4,0.00358
100000,5e-05,9.4,4,0.00432
100000,5e-05,6.4,4,0.00364
100000,5e-05,1.0,4,0.99998
100000,5e-05,8.5,4,0.00437
100000,5e-05,0.7,4,0.99999
100000,5e-05,0.5,4,0.99998
100000,5e-05,5.8,4,0.00359
100000,5e-05,8.1,4,0.00424
100000,5e-05,8.2,4,0.00436
100000,5e-05,9.5,4,0.00407
100000,5e-05,2.9,4,0.0036
100000,5e-05,7.8,4,0.00424
100000,5e-05,6.4,4,0.00379
100000,5e-05,7.2,4,0.99999
100000,5e-05,1.8,4,0.00973
100000,5e-05,0.6,4,0.99996
100000,5e-05,2.6,4,0.00422
100000,5e-05,2.3,4,0.00494
100000,5e-05,3.5,4,0.99997
100000,5e-05,3.2,4,0.99999
100000,5e-05,7.6,4,0.00421
100000,5e-05,5.9,4,0.00379
100000,5e-05,1.5,4,0.01857
100000,5e-05,9.8,4,0.00458
100000,5e-05,6.1,4,0.00389
100000,5e-05,6.5,4,0.00365
100000,5e-05,2.4,4,0.00517
100000,5e-05,2.8,4,0.0038
100000,5e-05,1.6,4,0.01454
100000,5e-05,5.5,4,0.00361
100000,5e-05,0.6,4,0.99998
100000,5e-05,0.8,4,0.99974
100000,5e-05,5.9,4,0.00387
100000,5e-05,2.4,4,0.00489
100000,5e-05,3.7,4,0.00337
100000,5e-05,2.9,4,0.0036
100000,5e-05,5.5,4,0.0036
100000,5e-05,5.3,4,0.0038
100000,5e-05,6.6,4,0.00387
100000,5e-05,3.8,4,0.00312
100000,5e-05,4.6,4,0.00345
100000,5e-05,9.7,4,0.00492
100000,5e-05,2.8,4,0.99997
100000,5e-05,2.1,4,0.00612
100000,5e-05,4.5,4,0.00328
100000,5e-05,2.0,4,0.99998
100000,5e-05,1.0,4,0.99998
100000,5e-05,5.3,4,0.99999
100000,5e-05,1.0,4,0.99999
100000,5e-05,4.9,4,0.00363
100000,5e-05,4.8,4,0.0032
100000,5e-05,7.9,4,0.00439
100000,5e-05,2.9,4,0.0035
100000,5e-05,0.4,4,0.99998
100000,5e-05,4.2,4,0.00341
100000,5e-05,4.0,4,0.00341
100000,5e-05,0.9,4,0.99998
100000,5e-05,3.0,4,0.00325
100000,5e-05,2.6,4,0.00428
100000,5e-05,1.6,4,0.99999
100000,5e-05,0.8,4,0.99996
100000,5e-05,4.3,4,0.0033
100000,5e-05,8.9,4,0.00459
100000,5e-05,2.6,4,0.00423
100000,5e-05,9.9,4,0.00488
100000,5e-05,8.7,4,0.00455
100000,5e-05,2.4,4,0.00464
100000,5e-05,6.7,4,0.00377
100000,5e-05,5.5,4,0.00354
100000,5e-05,6.3,4,0.0038
100000,5e-05,3.5,4,0.00308
100000,5e-05,0.7,4,0.99999
100000,5e-05,7.8,4,0.0043
100000,5e-05,0.5,4,0.99999
100000,5e-05,1.7,4,0.01186
100000,5e-05,7.5,4,0.00387
100000,5e-05,3.3,4,0.00344
100000,5e-05,2.2,4,0.00566
100000,5e-05,3.0,4,0.00343
100000,5e-05,1.1,4,0.99998
100000,5e-05,6.8,4,0.00401
100000,5e-05,3.0,4,0.00387
100000,5e-05,10.0,4,0.00519
100000,5e-05,2.3,4,0.00553
100000,5e-05,0.7,4,0.99998
100000,5e-05,9.1,4,0.00473
100000,5e-05,8.0,4,0.00437
100000,5e-05,4.9,4,0.99999
100000,5e-05,4.9,4,0.00393
100000,5e-05,6.4,4,0.00402
100000,5e-05,0.7,4,0.99999
100000,5e-05,1.6,4,0.99999
100000,5e-05,8.0,4,0.00417
100000,5e-05,6.5,4,0.0041
100000,5e-05,8.5,4,0.00437
100000,5e-05,2.8,4,0.00356
100000,5e-05,8.0,4,0.99999
100000,5e-05,0.9,4,0.99994
100000,5e-05,6.1,4,0.99999
100000,5e-05,4.7,4,0.99999
100000,5e-05,1.7,4,0.01139
100000,5e-05,9.4,4,0.99999
100000,5e-05,5.3,4,0.00329
100000,5e-05,0.9,4,0.99999
100000,5e-05,4.2,4,0.00316
100000,5e-05,0.5,4,0.99998
100000,5e-05,9.8,4,0.00437
100000,5e-05,1.0,4,0.99971
100000,5e-05,2.4,4,0.00453
100000,5e-05,4.3,4,0.00339
100000,5e-05,5.4,4,0.00347
100000,5e-05,5.8,4,0.00333
100000,5e-05,8.1,4,0.0042
100000,5e-05,3.7,4,0.00326
100000,5e-05,9.9,4,0.00447
100000,5e-05,8.2,4,0.00428
100000,5e-05,1.1,4,0.99995
100000,5e-05,3.9,4,0.00348
100000,5e-05,9.8,4,0.00439
100000,5e-05,9.6,4,0.00479
100000,5e-05,4.2,4,0.00336
100000,5e-05,9.3,4,0.00432
100000,5e-05,4.9,4,0.00375
100000,5e-05,1.4,4,0.02548
100000,5e-05,3.3,4,0.99999
100000,5e-05,5.3,4,0.0035
100000,5e-05,6.7,4,0.00356
100000,5e-05,3.2,4,0.00304
100000,5e-05,8.2,4,0.00441
100000,5e-05,2.4,4,0.00466
100000,5e-05,7.7,4,0.00406
100000,5e-05,0.6,4,0.99999
100000,5e-05,8.4,4,0.00454
100000,5e-05,7.9,4,0.00458
100000,5e-05,8.5,4,0.00436
100000,5e-05,1.1,4,0.99999
100000,5e-05,9.6,4,0.00486
100000,5e-05,4.9,4,0.0034
100000,5e-05,1.4,4,0.99999
100000,5e-05,4.4,4,0.00312
100000,5e-05,2.2,4,0.00566
100000,5e-05,6.2,4,0.00375
100000,5e-05,8.5,4,0.00436
100000,5e-05,2.1,4,0.99999
100000,5e-05,8.9,4,0.00496
100000,5e-05,8.8,4,0.00449
100000,5e-05,2.7,4,0.00392
100000,5e-05,7.3,4,0.00414
100000,5e-05,0.6,4,0.99999
100000,5e-05,6.1,4,0.00371
100000,5e-05,9.3,4,0.00491
100000,5e-05,9.8,4,0.00453
100000,5e-05,2.3,4,0.99999
100000,5e-05,6.9,4,0.0039
100000,5e-05,7.6,4,0.00419
100000,5e-05,4.5,4,0.00307
100000,5e-05,3.2,4,0.00352
100000,5e-05,5.3,4,0.00313
100000,5e-05,8.0,4,0.0042
100000,5e-05,2.4,4,0.00477
100000,5e-05,5.5,4,0.0037
100000,5e-05,9.8,4,0.00493
100000,5e-05,7.1,4,0.00365
100000,5e-05,7.1,4,0.00423
100000,5e-05,8.6,4,0.00461
100000,5e-05,5.5,4,0.00382
100000,5e-05,0.7,4,0.99998
100000,5e-05,2.3,4,0.00515
100000,5e-05,7.7,4,0.0045
100000,5e-05,9.9,4,0.00466
100000,5e-05,4.3,4,0.00347
100000,5e-05,0.9,4,0.99998
100000,5e-05,1.0,4,0.99996
100000,5e-05,4.6,4,0.00301
100000,5e-05,4.6,4,0.00326
100000,5e-05,9.7,4,0.00492
100000,5e-05,7.8,4,0.00455
100000,5e-05,0.6,4,0.99999
100000,5e-05,8.6,4,0.00436
100000,5e-05,7.7,4,0.00409
100000,5e-05,6.0,4,0.00346
100000,5e-05,9.3,4,0.00435
100000,5e-05,6.7,4,0.00399
100000,5e-05,2.5,4,0.00442
100000,5e-05,9.4,4,0.00411
100000,5e-05,5.9,4,0.99999
100000,5e-05,0.0,4,0.99999
100000,5e-05,1.8,4,0.00967
100000,5e-05,0.6,4,0.99997
100000,5e-05,6.0,4,0.00393
100000,5e-05,3.7,4,0.00309
100000,5e-05,9.6,4,0.00464
100000,5e-05,1.6,4,0.99997
100000,5e-05,4.7,4,0.00335
100000,5e-05,9.6,4,0.00462
100000,5e-05,8.2,4,0.00442
100000,5e-05,6.6,4,0.004
100000,5e-05,2.7,4,0.00387
100000,5e-05,4.6,4,0.00334
100000,5e-05,7.4,4,0.00412
100000,5e-05,1.2,4,0.99999
100000,5e-05,8.8,4,0.00466
100000,5e-05,3.5,4,0.00338
100000,5e-05,4.1,4,0.00322
100000,5e-05,0.1,4,0.99999
100000,5e-05,6.1,4,0.00349
100000,5e-05,7.1,4,0.00389
100000,5e-05,6.9,4,0.00371
100000,5e-05,2.5,4,0.00436
100000,5e-05,4.2,4,0.99999
100000,5e-05,6.5,4,0.00355
100000,5e-05,3.0,4,0.00331
100000,5e-05,9.4,4,0.00465
100000,5e-05,6.2,4,0.00346
100000,5e-05,4.7,4,0.00353
100000,5e-05,5.7,4,0.00356
100000,5e-05,9.5,4,0.00454
100000,5e-05,2.1,4,0.99999
100000,5e-05,1.2,4,0.04966
100000,5e-05,6.6,4,0.00393
100000,5e-05,2.1,4,0.00656
100000,5e-05,1.1,4,0.07629
100000,5e-05,5.8,4,0.00338
100000,5e-05,3.0,4,0.00354
100000,5e-05,5.6,4,0.00361
100000,5e-05,8.0,4,0.00423
100000,5e-05,4.5,4,0.00326
100000,5e-05,6.5,4,0.00367
100000,5e-05,4.3,4,0.00266
100000,5e-05,1.5,4,0.99998
100000,5e-05,8.3,4,0.00443
100000,5e-05,5.2,4,0.00339
100000,5e-05,7.9,4,0.00427
100000,5e-05,5.1,4,0.00338
100000,5e-05,5.3,4,0.00373
100000,5e-05,9.5,4,0.00471
100000,5e-05,5.7,4,0.00362
100000,5e-05,6.6,4,0.00374
100000,5e-05,9.7,4,0.00462
100000,5e-05,7.9,4,0.00465
100000,5e-05,8.7,4,0.00457
100000,5e-05,4.8,4,0.00347
100000,5e-05,3.9,4,0.00303
100000,5e-05,3.9,4,0.0032
100000,5e-05,2.9,4,0.00344
100000,5e-05,1.8,4,0.0102
100000,5e-05,4.2,4,0.0032
100000,5e-05,5.6,4,0.00368
100000,5e-05,4.9,4,0.00344
100000,5e-05,2.1,4,0.00658
100000,5e-05,9.9,4,0.00474
100000,5e-05,3.5,4,0.00325
100000,5e-05,0.8,4,0.99999
100000,5e-05,7.3,4,0.00414
100000,5e-05,6.3,4,0.00378
100000,5e-05,1.4,4,0.99996
100000,5e-05,5.0,4,0.00372
100000,5e-05,4.6,4,0.00333
100000,5e-05,2.6,4,0.99999
100000,5e-05,9.3,4,0.00485
100000,5e-05,3.7,4,0.00367
100000,5e-05,8.0,4,0.00428
100000,5e-05,3.5,4,0.00277
100000,5e-05,4.2,4,0.00307
100000,5e-05,3.6,4,0.00321
100000,5e-05,1.5,4,0.01868
100000,5e-05,5.4,4,0.00341
100000,5e-05,6.9,4,0.00395
100000,5e-05,0.6,4,0.99999
100000,5e-05,8.3,4,0.00441
100000,5e-05,2.0,4,0.00684
100000,5e-05,9.3,4,0.00451
100000,5e-05,6.5,4,0.0037
100000,5e-05,0.2,4,0.99999
100000,5e-05,1.3,4,0.99998
100000,5e-05,2.8,4,0.0038
100000,5e-05,4.9,4,0.0033
100000,5e-05,5.9,4,0.00357
100000,5e-05,6.4,4,0.00369
100000,5e-05,3.8,4,0.00329
100000,5e-05,5.1,4,0.0035
100000,5e-05,6.3,4,0.00374
100000,5e-05,4.4,4,0.00298
100000,5e-05,9.7,4,0.00479
100000,5e-05,7.6,4,0.00435
100000,5e-05,1.0,4,0.99999
100000,5e-05,0.9,4,0.99997
100000,5e-05,2.2,4,0.00562
100000,5e-05,1.5,4,0.01936
100000,5e-05,0.6,4,0.99998
100000,5e-05,5.5,4,0.99999
100000,5e-05,7.1,4,0.00417
100000,5e-05,2.1,4,0.00638
100000,5e-05,3.8,4,0.0033
100000,5e-05,5.6,4,0.00402
100000,5e-05,4.1,4,0.00322
100000,5e-05,5.0,4,0.0035
100000,5e-05,4.9,4,0.00365
100000,5e-05,0.4,4,0.99999
100000,5e-05,7.9,4,0.00433
100000,5e-05,3.7,4,0.00309
100000,5e-05,9.4,4,0.00457
100000,5e-05,9.0,4,0.00438
100000,5e-05,9.0,4,0.00493
100000,5e-05,2.9,4,0.00401
100000,5e-05,6.0,4,0.99999
100000,5e-05,6.9,4,0.00398
100000,5e-05,8.0,4,0.00463
100000,5e-05,9.1,4,0.0046
100000,5e-05,1.4,4,0.99997
100000,5e-05,8.7,4,0.00454
100000,5e-05,7.3,4,0.00415
100000,5e-05,3.7,4,0.99999
100000,5e-05,6.5,4,0.00378
100000,5e-05,1.5,4,0.01853
100000,5e-05,2.9,4,0.00377
100000,5e-05,1.7,4,0.99993
100000,5e-05,3.3,4,0.00313
100000,5e-05,6.3,4,0.00398
100000,5e-05,2.6,4,0.00437
100000,5e-05,8.6,4,0.00442
100000,5e-05,3.9,4,0.99999
100000,5e-05,8.0,4,0.00416
100000,5e-05,5.2,4,0.00345
100000,5e-05,1.4,4,0.02448
100000,5e-05,2.0,4,0.99999
100000,5e-05,8.9,4,0.00503
100000,5e-05,1.4,4,0.02574
100000,5e-05,0.1,4,0.99999
100000,5e-05,0.7,4,0.99999
100000,5e-05,9.8,4,0.0046
100000,5e-05,6.9,4,0.00392
100000,5e-05,0.3,4,0.99999
100000,5e-05,0.3,4,0.99999
100000,5e-05,7.0,4,0.0039
100000,5e-05,5.7,4,0.0037
100000,5e-05,2.3,4,0.00562
100000,5e-05,2.1,4,0.00629
100000,5e-05,9.6,4,0.00482
100000,5e-05,1.0,4,0.99998
100000,5e-05,7.2,4,0.00421
100000,5e-05,0.1,4,0.99999
100000,5e-05,7.3,4,0.00422
100000,5e-05,9.2,4,0.00442
100000,5e-05,2.3,4,0.00506
100000,5e-05,5.7,4,0.00384
100000,5e-05,6.3,4,0.00366
100000,5e-05,1.1,4,0.99978
100000,5e-05,8.1,4,0.00439
100000,5e-05,4.0,4,0.00349
100000,5e-05,2.9,4,0.00372
100000,5e-05,5.4,4,0.00331
100000,5e-05,4.0,4,0.00332
100000,5e-05,9.5,4,0.00478
100000,5e-05,1.7,4,0.99999
100000,5e-05,6.4,4,0.0039
100000,5e-05,5.5,4,0.00323
100000,5e-05,0.3,4,0.99999
100000,5e-05,1.7,4,0.0118
100000,5e-05,3.3,4,0.00316
100000,5e-05,1.1,4,0.07556
100000,5e-05,7.1,4,0.00424
100000,5e-05,1.0,4,0.99995
100000,5e-05,1.6,4,0.99999
100000,5e-05,9.5,4,0.00447
100000,5e-05,3.2,4,0.00356
100000,5e-05,7.0,4,0.00402
100000,5e-05,2.9,4,0.00348
100000,5e-05,6.6,4,0.00396
100000,5e-05,1.2,4,0.99998
100000,5e-05,2.6,4,0.00429
100000,5e-05,1.6,4,0.99995
100000,5e-05,0.3,4,0.99999
100000,5e-05,7.8,4,0.00438
100000,5e-05,4.3,4,0.99999
100000,5e-05,3.0,4,0.00412
100000,5e-05,6.1,4,0.00406
100000,5e-05,3.3,4,0.00334
100000,5e-05,6.8,4,0.00422
100000,5e-05,9.5,4,0.0048
100000,5e-05,7.3,4,0.00427
100000,5e-05,8.7,4,0.0042
100000,5e-05,2.6,4,0.00438
100000,5e-05,3.0,4,0.0036
100000,5e-05,7.8,4,0.00449
100000,5e-05,9.4,4,0.00447
100000,5e-05,7.3,4,0.00393
100000,5e-05,2.3,4,0.00531
100000,5e-05,9.1,4,0.00463
100000,5e-05,0.5,4,0.99997
100000,5e-05,6.2,4,0.0038
100000,5e-05,3.6,4,0.00321
100000,5e-05,8.3,4,0.00444
100000,5e-05,2.4,4,0.00472
100000,5e-05,8.1,4,0.0043
100000,5e-05,5.5,4,0.00333
100000,5e-05,0.5,4,0.99999
100000,5e-05,8.2,4,0.00401
100000,5e-05,1.5,4,0.99988
100000,5e-05,2.4,4,0.00457
100000,5e-05,8.2,4,0.00424
100000,5e-05,9.0,4,0.00418
100000,5e-05,3.7,4,0.00307
100000,5e-05,6.2,4,0.00365
100000,5e-05,8.1,4,0.0044
100000,5e-05,1.1,4,0.99998
100000,5e-05,4.8,4,0.00327
100000,5e-05,4.1,4,0.00317
100000,5e-05,1.5,4,0.99996
100000,5e-05,2.1,4,0.00615
100000,5e-05,7.4,4,0.00425
100000,5e-05,0.0,4,0.99999
100000,5e-05,8.9,4,0.00444
100000,5e-05,3.7,4,0.99998
100000,5e-05,8.2,4,0.00409
100000,5e-05,0.5,4,0.99998
100000,5e-05,8.2,4,0.00426
100000,5e-05,8.2,4,0.00444
100000,5e-05,8.0,4,0.00413
100000,5e-05,4.4,4,0.00349
100000,5e-05,0.0,4,0.99999
100000,5e-05,4.2,4,0.003
100000,5e-05,8.7,4,0.00467
100000,5e-05,2.2,4,0.00574
100000,5e-05,1.0,4,0.99955
100000,5e-05,2.0,4,0.99999
100000,5e-05,8.1,4,0.00437
100000,5e-05,1.7,4,0.99999
100000,5e-05,6.3,4,0.00399
100000,5e-05,7.0,4,0.00392
100000,5e-05,0.8,4,0.99999
100000,5e-05,3.4,4,0.99999
100000,5e-05,5.5,4,0.00332
100000,5e-05,8.0,4,0.00467
100000,5e-05,8.7,4,0.00445
100000,5e-05,3.7,4,0.00293
100000,5e-05,5.4,4,0.00343
100000,5e-05,1.3,4,0.03426
100000,5e-05,5.1,4,0.00356
100000,5e-05,6.8,4,0.00376
100000,5e-05,1.3,4,0.03559
100000,5e-05,6.6,4,0.00405
100000,5e-05,5.2,4,0.00358
100000,5e-05,4.1,4,0.00323
100000,5e-05,10.0,4,0.00471
100000,5e-05,3.0,4,0.99999
100000,5e-05,2.1,4,0.99998
100000,5e-05,10.0,4,0.00505
100000,5e-05,9.7,4,0.00468
100000,5e-05,3.5,4,0.99999
100000,5e-05,8.0,4,0.00403
100000,5e-05,7.3,4,0.00425
100000,5e-05,3.7,4,0.00328
100000,5e-05,8.1,4,0.00424
100000,5e-05,2.3,4,0.99993
100000,5e-05,0.8,4,0.99999
100000,5e-05,6.5,4,0.00442
100000,5e-05,0.5,4,0.99999
100000,5e-05,8.3,4,0.00467
100000,5e-05,3.1,4,0.00352
100000,5e-05,9.0,4,0.00426
100000,5e-05,6.5,4,0.00415
100000,5e-05,9.5,4,0.99998
100000,5e-05,7.1,4,0.00386
100000,5e-05,6.6,4,0.00403
100000,5e-05,3.2,4,0.00365
100000,5e-05,4.8,4,0.00346
100000,5e-05,5.2,4,0.00331
100000,5e-05,9.7,4,0.0049
100000,5e-05,2.5,4,0.00438
100000,5e-05,2.8,4,0.00351
100000,5e-05,8.8,4,0.00436
100000,5e-05,4.8,4,0.00375
100000,5e-05,3.0,4,0.00368
100000,5e-05,3.5,4,0.99998
100000,5e-05,5.5,4,0.00358
100000,5e-05,7.2,4,0.00427
100000,5e-05,10.0,4,0.00478
100000,5e-05,2.6,4,0.99999
100000,5e-05,3.8,4,0.00354
100000,5e-05,9.5,4,0.00439
100000,5e-05,6.1,4,0.0035
100000,5e-05,5.6,4,0.00334
100000,5e-05,7.8,4,0.00456
100000,5e-05,0.6,4,0.99999
100000,5e-05,9.8,4,0.00443
100000,5e-05,7.7,4,0.00401
100000,5e-05,9.7,4,0.00483
100000,5e-05,4.2,4,0.00332
100000,5e-05,6.1,4,0.00393
100000,5e-05,8.6,4,0.00437
100000,5e-05,2.2,4,0.0056
100000,5e-05,0.8,4,0.99999
100000,5e-05,7.7,4,0.00442
100000,5e-05,3.1,4,0.00348
100000,5e-05,8.6,4,0.00443
100000,5e-05,7.4,4,0.0043
100000,5e-05,5.9,4,0.00375
100000,5e-05,1.6,4,0.01506
100000,5e-05,9.0,4,0.00471
100000,5e-05,1.7,4,0.0114
100000,5e-05,9.9,4,0.00448
100000,5e-05,0.9,4,0.99999
100000,5e-05,3.7,4,0.00329
100000,5e-05,2.1,4,0.00614
100000,5e-05,1.3,4,0.99996
100000,5e-05,0.5,4,0.99999
100000,5e-05,4.4,4,0.00327
100000,5e-05,9.1,4,0.00484
100000,5e-05,5.4,4,0.00355
100000,5e-05,0.6,4,0.99999
100000,5e-05,1.1,4,0.99999
100000,5e-05,8.5,4,0.00484
100000,5e-05,3.7,4,0.00296
100000,5e-05,0.4,4,0.99999
100000,5e-05,1.8,4,0.99993
100000,5e-05,1.7,4,0.01194
100000,5e-05,5.2,4,0.0034
100000,5e-05,9.1,4,0.00419
100000,5e-05,9.9,4,0.00449
100000,5e-05,0.2,4,0.99999
100000,5e-05,1.5,4,0.99999
100000,5e-05,2.2,4,0.99999
100000,5e-05,6.1,4,0.00384
100000,5e-05,2.7,4,0.00427
100000,5e-05,1.1,4,0.99982
100000,5e-05,7.1,4,0.00427
100000,5e-05,7.8,4,0.00409
100000,5e-05,1.7,4,0.01199
100000,5e-05,0.6,4,0.99999
100000,5e-05,5.9,4,0.00386
100000,5e-05,7.1,4,0.00405
100000,5e-05,2.3,4,0.00524
100000,5e-05,2.3,4,0.00484
100000,5e-05,4.1,4,0.00326
100000,5e-05,3.7,4,0.00351
100000,5e-05,2.7,4,0.0044
100000,5e-05,8.1,4,0.00426
100000,5e-05,6.3,4,0.00393
100000,5e-05,8.5,4,0.00457
100000,5e-05,1.7,4,0.99998
100000,5e-05,2.2,4,0.0055
100000,5e-05,1.5,4,0.01876
100000,5e-05,0.0,4,0.99999
100000,5e-05,5.2,4,0.00366
100000,5e-05,6.9,4,0.99999
100000,5e-05,8.1,4,0.0043
100000,5e-05,9.1,4,0.00511
100000,5e-05,9.3,4,0.00463
100000,5e-05,4.9,4,0.00351
100000,5e-05,0.5,4,0.99998
100000,5e-05,4.2,4,0.00343
100000,5e-05,9.3,4,0.00461
100000,5e-05,2.2,4,0.00572
100000,5e-05,7.0,4,0.00404
100000,5e-05,0.8,4,0.99965
100000,5e-05,1.5,4,0.01948
100000,5e-05,2.2,4,0.99999
100000,5e-05,3.8,4,0.99998
100000,5e-05,7.5,4,0.00403
100000,5e-05,0.1,4,0.99999
100000,5e-05,3.5,4,0.00306
100000,5e-05,2.9,4,0.00361
100000,5e-05,3.4,4,0.00311
100000,5e-05,1.4,4,0.99992
100000,5e-05,2.6,4,0.00433
100000,5e-05,6.0,4,0.0038
100000,5e-05,3.8,4,0.00323
100000,5e-05,4.4,4,0.00341
100000,5e-05,4.9,4,0.00363
100000,5e-05,6.2,4,0.00373
100000,5e-05,1.2,4,0.99998
100000,5e-05,7.9,4,0.00457
100000,5e-05,1.9,4,0.00875
100000,5e-05,1.1,4,0.99999
100000,5e-05,6.8,4,0.00428
100000,5e-05,5.7,4,0.00379
100000,5e-05,5.7,4,0.00355
100000,5e-05,5.0,4,0.00353
100000,5e-05,0.2,4,0.99999
100000,5e-05,6.9,4,0.00413
100000,5e-05,2.5,4,0.00422
100000,5e-05,3.0,4,0.00341
100000,5e-05,3.5,4,0.00314
100000,5e-05,9.4,4,0.0044
100000,5e-05,1.7,4,0.01201
100000,5e-05,0.7,4,0.99999
100000,5e-05,3.5,4,0.00316
100000,5e-05,4.2,4,0.00324
100000,5e-05,7.7,4,0.00394
100000,5e-05,9.9,4,0.0048
100000,5e-05,3.9,4,0.00321
100000,5e-05,6.8,4,0.00395
100000,5e-05,3.9,4,0.00334
100000,5e-05,9.7,4,0.00502
100000,5e-05,3.2,4,0.00344
100000,5e-05,1.1,4,0.99998
100000,5e-05,0.3,4,0.99999
100000,5e-05,1.2,4,0.99999
100000,5e-05,7.0,4,0.00383
100000,5e-05,4.2,4,0.00321
100000,5e-05,9.6,4,0.00428
100000,5e-05,9.7,4,0.99999
100000,5e-05,9.8,4,0.00472
100000,5e-05,4.9,4,0.00315
100000,5e-05,2.7,4,0.0038
100000,5e-05,6.6,4,0.00373
100000,5e-05,9.7,4,0.0046
100000,5e-05,2.4,4,0.99998
100000,5e-05,0.1,4,0.99999
100000,5e-05,9.6,4,0.00489
100000,5e-05,6.8,4,0.99999
100000,5e-05,5.1,4,0.00361
100000,5e-05,1,7.3,0.99999
100000,5e-05,1,7.7,0.99998
100000,5e-05,1,9.5,0.99999
100000,5e-05,1,2.5,0.99999
100000,5e-05,1,9.6,0.99999
100000,5e-05,1,4.0,0.99998
100000,5e-05,1,5.3,0.99999
100000,5e-05,1,8.6,0.99999
100000,5e-05,1,8.0,0.99999
100000,5e-05,1,2.0,0.99994
100000,5e-05,1,7.1,0.99999
100000,5e-05,1,2.7,0.05392
100000,5e-05,1,8.1,0.99999
100000,5e-05,1,9.9,0.99999
100000,5e-05,1,8.0,0.99998
100000,5e-05,1,8.2,0.99998
100000,5e-05,1,6.7,0.99999
100000,5e-05,1,6.9,0.99999
100000,5e-05,1,0.5,0.0448
100000,5e-05,1,3.3,0.99999
100000,5e-05,1,7.5,0.99999
100000,5e-05,1,7.3,0.99999
100000,5e-05,1,1.0,0.03944
100000,5e-05,1,1.7,0.04306
100000,5e-05,1,8.9,0.99998
100000,5e-05,1,1.1,0.03902
100000,5e-05,1,9.3,0.99997
100000,5e-05,1,4.3,0.99999
100000,5e-05,1,8.2,0.99996
100000,5e-05,1,7.2,0.99998
100000,5e-05,1,6.3,0.99999
100000,5e-05,1,0.3,0.0448
100000,5e-05,1,7.8,0.99995
100000,5e-05,1,9.1,0.99996
100000,5e-05,1,2.3,0.99991
100000,5e-05,1,0.2,0.04787
100000,5e-05,1,3.6,0.99945
100000,5e-05,1,8.8,0.99997
100000,5e-05,1,5.1,0.99879
100000,5e-05,1,8.6,0.99998
100000,5e-05,1,2.3,0.99999
100000,5e-05,1,4.1,0.99999
100000,5e-05,1,4.8,0.99998
100000,5e-05,1,9.6,0.99999
100000,5e-05,1,0.4,0.04305
100000,5e-05,1,4.0,0.99992
100000,5e-05,1,5.6,0.9999
100000,5e-05,1,7.1,0.99999
100000,5e-05,1,0.2,0.04556
100000,5e-05,1,2.3,0.99999
100000,5e-05,1,3.3,0.99991
100000,5e-05,1,2.6,0.99999
100000,5e-05,1,2.8,0.99988
100000,5e-05,1,4.3,0.99993
100000,5e-05,1,2.2,0.0448
100000,5e-05,1,9.6,0.99999
100000,5e-05,1,7.7,0.99999
100000,5e-05,1,8.8,0.99999
100000,5e-05,1,8.1,0.99997
100000,5e-05,1,0.2,0.04587
100000,5e-05,1,1.0,0.04128
100000,5e-05,1,0.5,0.04305
100000,5e-05,1,5.9,0.99987
100000,5e-05,1,9.4,0.99999
100000,5e-05,1,9.0,0.99998
100000,5e-05,1,3.2,0.99999
100000,5e-05,1,5.7,0.99995
100000,5e-05,1,0.4,0.04238
100000,5e-05,1,8.8,0.99977
100000,5e-05,1,7.1,0.99999
100000,5e-05,1,7.6,0.99997
100000,5e-05,1,1.5,0.03989
100000,5e-05,1,2.7,0.99997
100000,5e-05,1,8.6,0.99997
100000,5e-05,1,2.1,0.04309
100000,5e-05,1,4.3,0.99999
100000,5e-05,1,8.8,0.99999
100000,5e-05,1,2.0,0.04201
100000,5e-05,1,8.1,0.99998
100000,5e-05,1,9.7,0.99998
100000,5e-05,1,3.4,0.99999
100000,5e-05,1,2.4,0.99999
100000,5e-05,1,9.6,0.99994
100000,5e-05,1,0.9,0.04065
100000,5e-05,1,4.1,0.99976
100000,5e-05,1,6.4,0.99999
100000,5e-05,1,1.7,0.99995
100000,5e-05,1,0.0,0.04882
100000,5e-05,1,9.8,0.99999
100000,5e-05,1,9.4,0.99999
100000,5e-05,1,4.3,0.99998
100000,5e-05,1,0.0,0.04863
100000,5e-05,1,7.7,0.99999
100000,5e-05,1,3.3,0.99999
100000,5e-05,1,3.4,0.99998
100000,5e-05,1,8.5,0.99997
100000,5e-05,1,7.0,0.99999
100000,5e-05,1,2.2,0.99998
100000,5e-05,1,9.0,0.99999
100000,5e-05,1,7.9,0.99999
100000,5e-05,1,3.4,0.07756
100000,5e-05,1,9.1,0.99998
100000,5e-05,1,8.1,0.99999
100000,5e-05,1,3.7,0.99998
100000,5e-05,1,5.1,0.99999
100000,5e-05,1,7.3,0.99998
100000,5e-05,1,0.1,0.04786
100000,5e-05,1,9.1,0.99998
100000,5e-05,1,7.7,0.99998
100000,5e-05,1,8.2,0.99999
100000,5e-05,1,5.9,0.99999
100000,5e-05,1,3.8,0.99999
100000,5e-05,1,8.6,0.99994
100000,5e-05,1,4.0,0.99999
100000,5e-05,1,6.4,0.99999
100000,5e-05,1,3.3,0.99949
100000,5e-05,1,0.9,0.99999
100000,5e-05,1,3.9,0.99978
100000,5e-05,1,1.8,0.04015
100000,5e-05,1,3.7,0.99995
100000,5e-05,1,6.0,0.99999
100000,5e-05,1,2.3,0.99996
100000,5e-05,1,5.0,0.99999
100000,5e-05,1,8.7,0.99999
100000,5e-05,1,3.1,0.99999
100000,5e-05,1,8.9,0.99999
100000,5e-05,1,8.4,0.99995
100000,5e-05,1,5.1,0.99996
100000,5e-05,1,5.5,0.99998
100000,5e-05,1,7.2,0.99996
100000,5e-05,1,4.5,0.99923
100000,5e-05,1,4.3,0.99999
100000,5e-05,1,4.4,0.99999
100000,5e-05,1,6.4,0.99997
100000,5e-05,1,4.9,0.99997
100000,5e-05,1,8.0,0.99999
100000,5e-05,1,5.1,0.99997
100000,5e-05,1,2.9,0.05802
100000,5e-05,1,4.6,0.99996
100000,5e-05,1,2.6,0.99998
100000,5e-05,1,2.4,0.99999
100000,5e-05,1,1.7,0.99994
100000,5e-05,1,0.5,0.04298
100000,5e-05,1,9.8,0.99999
100000,5e-05,1,2.5,0.99999
100000,5e-05,1,3.0,0.99992
100000,5e-05,1,8.7,0.99999
100000,5e-05,1,3.1,0.06406
100000,5e-05,1,8.8,0.99999
100000,5e-05,1,1.6,0.99998
100000,5e-05,1,4.2,0.99999
100000,5e-05,1,0.5,0.04271
100000,5e-05,1,9.3,0.99999
100000,5e-05,1,8.9,0.99998
100000,5e-05,1,2.4,0.99998
100000,5e-05,1,2.0,0.04339
100000,5e-05,1,5.0,0.99999
100000,5e-05,1,2.5,0.04996
100000,5e-05,1,5.2,0.99993
100000,5e-05,1,6.1,0.99958
100000,5e-05,1,0.1,0.05043
100000,5e-05,1,7.3,0.99995
100000,5e-05,1,4.4,0.9985
100000,5e-05,1,8.4,0.99999
100000,5e-05,1,4.9,0.99998
100000,5e-05,1,3.6,0.99999
100000,5e-05,1,9.4,0.99999
100000,5e-05,1,9.6,0.99999
100000,5e-05,1,3.2,0.99999
100000,5e-05,1,5.2,0.99999
100000,5e-05,1,5.5,0.99999
100000,5e-05,1,6.5,0.99999
100000,5e-05,1,3.1,0.06354
100000,5e-05,1,0.2,0.04564
100000,5e-05,1,6.1,0.99999
100000,5e-05,1,6.8,0.99999
100000,5e-05,1,5.3,0.99999
100000,5e-05,1,2.9,0.99998
100000,5e-05,1,5.3,0.99998
100000,5e-05,1,2.5,0.04888
100000,5e-05,1,4.6,0.99996
100000,5e-05,1,9.9,0.99995
100000,5e-05,1,9.4,0.99998
100000,5e-05,1,4.6,0.99999
100000,5e-05,1,2.2,0.99999
100000,5e-05,1,0.7,0.99999
100000,5e-05,1,8.1,0.99998
100000,5e-05,1,8.4,0.99999
100000,5e-05,1,8.5,0.99999
100000,5e-05,1,3.2,0.99999
100000,5e-05,1,10.0,0.99999
100000,5e-05,1,9.7,0.99999
100000,5e-05,1,0.2,0.04742
100000,5e-05,1,7.2,0.99998
100000,5e-05,1,9.3,0.99999
100000,5e-05,1,9.2,0.99999
100000,5e-05,1,2.3,0.99999
100000,5e-05,1,8.3,0.99999
100000,5e-05,1,1.4,0.0399
100000,5e-05,1,8.4,0.99999
100000,5e-05,1,1.5,0.04052
100000,5e-05,1,6.2,0.99995
100000,5e-05,1,0.7,0.99999
100000,5e-05,1,7.6,0.99999
100000,5e-05,1,9.6,0.99999
100000,5e-05,1,2.2,0.99999
100000,5e-05,1,9.3,0.99999
100000,5e-05,1,0.5,0.04328
100000,5e-05,1,7.8,0.99997
100000,5e-05,1,8.1,0.99999
100000,5e-05,1,4.6,0.99805
100000,5e-05,1,3.0,0.05844
100000,5e-05,1,8.4,0.99994
100000,5e-05,1,8.1,0.99999
100000,5e-05,1,8.1,0.99999
100000,5e-05,1,4.7,0.99999
100000,5e-05,1,5.2,0.99999
100000,5e-05,1,2.1,0.9999
100000,5e-05,1,3.5,0.99998
100000,5e-05,1,6.0,0.99999
100000,5e-05,1,1.0,0.03996
100000,5e-05,1,0.7,0.04149
100000,5e-05,1,5.1,0.99996
100000,5e-05,1,9.8,0.99999
100000,5e-05,1,5.1,0.99998
100000,5e-05,1,0.3,0.04595
100000,5e-05,1,9.8,0.99999
100000,5e-05,1,4.7,0.99997
100000,5e-05,1,8.5,0.99993
100000,5e-05,1,3.7,0.99995
100000,5e-05,1,5.9,0.99997
100000,5e-05,1,5.8,0.99999
100000,5e-05,1,9.8,0.99999
100000,5e-05,1,9.5,0.99999
100000,5e-05,1,7.1,0.99996
100000,5e-05,1,5.8,0.99996
100000,5e-05,1,0.8,0.03929
100000,5e-05,1,2.5,0.04876
100000,5e-05,1,5.5,0.99999
100000,5e-05,1,5.2,0.99999
100000,5e-05,1,5.3,0.99987
100000,5e-05,1,6.6,0.99997
100000,5e-05,1,2.0,0.04354
100000,5e-05,1,1.8,0.04117
100000,5e-05,1,0.8,0.04078
100000,5e-05,1,0.8,0.04056
100000,5e-05,1,3.4,0.99991
100000,5e-05,1,2.3,0.04571
100000,5e-05,1,1.8,0.99999
100000,5e-05,1,9.3,0.99999
100000,5e-05,1,4.2,0.99999
100000,5e-05,1,2.9,0.99981
100000,5e-05,1,1.5,0.04129
100000,5e-05,1,5.8,0.99999
100000,5e-05,1,0.7,0.04265
100000,5e-05,1,5.7,0.99999
100000,5e-05,1,0.4,0.04328
100000,5e-05,1,0.5,0.04306
100000,5e-05,1,3.6,0.99995
100000,5e-05,1,5.9,0.99996
100000,5e-05,1,9.5,0.99998
100000,5e-05,1,0.2,0.04633
100000,5e-05,1,3.5,0.99998
100000,5e-05,1,4.8,0.99998
100000,5e-05,1,0.6,0.04372
100000,5e-05,1,3.2,0.99999
100000,5e-05,1,7.4,0.99999
100000,5e-05,1,3.6,0.99999
100000,5e-05,1,7.8,0.99999
100000,5e-05,1,9.6,0.99998
100000,5e-05,1,9.5,0.99999
100000,5e-05,1,3.6,0.99996
100000,5e-05,1,1.7,0.04255
100000,5e-05,1,9.2,0.99999
100000,5e-05,1,4.5,0.99999
100000,5e-05,1,2.0,0.99997
100000,5e-05,1,8.1,0.99998
100000,5e-05,1,7.7,0.99998
100000,5e-05,1,2.2,0.04506
100000,5e-05,1,6.2,0.99999
100000,5e-05,1,5.4,0.99999
100000,5e-05,1,1.1,0.99999
100000,5e-05,1,3.6,0.08896
100000,5e-05,1,7.5,0.99998
100000,5e-05,1,2.4,0.99997
100000,5e-05,1,7.2,0.99998
100000,5e-05,1,0.1,0.04859
100000,5e-05,1,4.5,0.99998
100000,5e-05,1,9.3,0.99999
100000,5e-05,1,2.2,0.04571
100000,5e-05,1,8.8,0.99999
100000,5e-05,1,7.9,0.99999
100000,5e-05,1,6.1,0.99996
100000,5e-05,1,3.1,0.99989
100000,5e-05,1,0.6,0.04127
100000,5e-05,1,0.9,0.04099
100000,5e-05,1,1.6,0.04022
100000,5e-05,1,3.5,0.99998
100000,5e-05,1,4.4,0.99999
100000,5e-05,1,5.8,0.99986
100000,5e-05,1,1.6,0.04182
100000,5e-05,1,4.6,0.99996
100000,5e-05,1,9.4,0.99997
100000,5e-05,1,4.5,0.99999
100000,5e-05,1,3.0,0.06023
100000,5e-05,1,0.6,0.99997
100000,5e-05,1,3.9,0.12107
100000,5e-05,1,3.6,0.09237
100000,5e-05,1,8.9,0.99999
100000,5e-05,1,5.2,0.99998
100000,5e-05,1,7.8,0.99999
100000,5e-05,1,4.9,0.99996
100000,5e-05,1,6.1,0.99999
100000,5e-05,1,8.5,0.99997
100000,5e-05,1,7.1,0.99999
100000,5e-05,1,4.3,0.99997
100000,5e-05,1,4.8,0.99997
100000,5e-05,1,0.8,0.04158
100000,5e-05,1,6.8,0.99999
100000,5e-05,1,1.3,0.04075
100000,5e-05,1,7.8,0.99999
100000,5e-05,1,8.3,0.99996
100000,5e-05,1,3.6,0.09171
100000,5e-05,1,2.3,0.04744
100000,5e-05,1,5.9,0.99991
100000,5e-05,1,0.3,0.0449
100000,5e-05,1,1.1,0.04028
100000,5e-05,1,6.2,0.99996
100000,5e-05,1,0.2,0.99999
100000,5e-05,1,8.8,0.99998
100000,5e-05,1,5.5,0.99968
100000,5e-05,1,1.6,0.04169
100000,5e-05,1,7.0,0.99997
100000,5e-05,1,8.6,0.99999
100000,5e-05,1,8.0,0.99999
100000,5e-05,1,9.6,0.99999
100000,5e-05,1,6.3,0.99997
100000,5e-05,1,9.5,0.99999
100000,5e-05,1,6.4,0.99999
100000,5e-05,1,5.6,0.99999
100000,5e-05,1,2.3,0.04749
100000,5e-05,1,9.0,0.99999
100000,5e-05,1,8.6,0.99999
100000,5e-05,1,2.9,0.99999
100000,5e-05,1,0.5,0.04327
100000,5e-05,1,2.1,0.99992
100000,5e-05,1,2.3,0.0471
100000,5e-05,1,6.7,0.99999
100000,5e-05,1,3.2,0.99995
100000,5e-05,1,5.6,0.99997
100000,5e-05,1,5.7,0.99999
100000,5e-05,1,5.0,0.99883
100000,5e-05,1,6.4,0.99994
100000,5e-05,1,9.8,0.99997
100000,5e-05,1,3.9,0.9999
100000,5e-05,1,1.4,0.04135
100000,5e-05,1,8.6,0.99998
100000,5e-05,1,6.4,0.99999
100000,5e-05,1,7.0,0.99998
100000,5e-05,1,9.4,0.99999
100000,5e-05,1,1.1,0.04052
100000,5e-05,1,4.3,0.99999
100000,5e-05,1,3.5,0.99994
100000,5e-05,1,5.8,0.99998
100000,5e-05,1,5.2,0.99985
100000,5e-05,1,9.9,0.99999
100000,5e-05,1,3.7,0.99961
100000,5e-05,1,8.6,0.99999
100000,5e-05,1,3.5,0.08235
100000,5e-05,1,3.3,0.99999
100000,5e-05,1,8.0,0.99999
100000,5e-05,1,0.0,0.04948
100000,5e-05,1,7.3,0.99998
100000,5e-05,1,1.1,0.04027
100000,5e-05,1,3.9,0.99992
100000,5e-05,1,3.7,0.99999
100000,5e-05,1,6.8,0.99999
100000,5e-05,1,7.4,0.99999
100000,5e-05,1,0.4,0.04279
100000,5e-05,1,4.4,0.99999
100000,5e-05,1,2.5,0.99999
100000,5e-05,1,2.9,0.05752
100000,5e-05,1,2.7,0.99999
100000,5e-05,1,4.0,0.99998
100000,5e-05,1,7.0,0.99997
100000,5e-05,1,3.4,0.99997
100000,5e-05,1,7.9,0.99999
100000,5e-05,1,1.5,0.03985
100000,5e-05,1,5.3,0.99995
100000,5e-05,1,0.1,0.04768
100000,5e-05,1,6.1,0.99998
100000,5e-05,1,8.3,0.99998
100000,5e-05,1,1.9,0.99999
100000,5e-05,1,7.6,0.99999
100000,5e-05,1,1.3,0.04044
100000,5e-05,1,0.9,0.04002
100000,5e-05,1,8.9,0.99999
100000,5e-05,1,3.3,0.99998
100000,5e-05,1,5.6,0.99999
100000,5e-05,1,0.1,0.04708
100000,5e-05,1,2.8,0.99998
100000,5e-05,1,3.2,0.99999
100000,5e-05,1,6.6,0.99999
100000,5e-05,1,4.8,0.99998
100000,5e-05,1,3.1,0.99999
100000,5e-05,1,4.2,0.99988
100000,5e-05,1,0.5,0.04428
100000,5e-05,1,8.8,0.99998
100000,5e-05,1,9.0,0.99995
100000,5e-05,1,7.2,0.99998
100000,5e-05,1,0.1,0.04873
100000,5e-05,1,2.2,0.04252
100000,5e-05,1,8.4,0.99998
100000,5e-05,1,6.8,0.99998
100000,5e-05,1,5.5,0.99998
100000,5e-05,1,7.4,0.99999
100000,5e-05,1,5.7,0.99999
100000,5e-05,1,9.5,0.99992
100000,5e-05,1,7.5,0.99999
100000,5e-05,1,3.2,0.06615
100000,5e-05,1,0.9,0.03998
100000,5e-05,1,4.9,0.99999
100000,5e-05,1,0.4,0.04498
100000,5e-05,1,7.2,0.99995
100000,5e-05,1,7.7,0.99993
100000,5e-05,1,0.5,0.04389
100000,5e-05,1,9.9,0.99998
100000,5e-05,1,3.4,0.99997
100000,5e-05,1,3.7,0.99999
100000,5e-05,1,2.6,0.05199
100000,5e-05,1,0.4,0.04371
100000,5e-05,1,5.9,0.99999
100000,5e-05,1,3.5,0.99997
100000,5e-05,1,6.0,0.99998
100000,5e-05,1,8.1,0.99992
100000,5e-05,1,8.8,0.99998
100000,5e-05,1,9.2,0.99998
100000,5e-05,1,0.8,0.04111
100000,5e-05,1,8.1,0.99998
100000,5e-05,1,6.7,0.99999
100000,5e-05,1,5.1,0.99997
100000,5e-05,1,9.0,0.99995
100000,5e-05,1,8.6,0.99999
100000,5e-05,1,9.2,0.99997
100000,5e-05,1,8.7,0.99999
100000,5e-05,1,7.7,0.99999
100000,5e-05,1,1.9,0.04312
100000,5e-05,1,9.6,0.99999
100000,5e-05,1,7.8,0.99999
100000,5e-05,1,9.9,0.99997
100000,5e-05,1,3.1,0.06239
100000,5e-05,1,3.8,0.9996
100000,5e-05,1,5.1,0.9997
100000,5e-05,1,3.3,0.99998
100000,5e-05,1,8.6,0.99999
100000,5e-05,1,5.1,0.99999
100000,5e-05,1,6.3,0.99997
100000,5e-05,1,1.0,0.03964
100000,5e-05,1,2.7,0.05494
100000,5e-05,1,6.8,0.99999
100000,5e-05,1,9.7,0.99999
100000,5e-05,1,2.4,0.04674
100000,5e-05,1,4.3,0.99998
100000,5e-05,1,6.6,0.99998
100000,5e-05,1,3.5,0.99999
100000,5e-05,1,5.3,0.99999
100000,5e-05,1,5.2,0.9999
100000,5e-05,1,5.9,0.99999
100000,5e-05,1,4.2,0.99939
100000,5e-05,1,6.4,0.99999
100000,5e-05,1,0.2,0.99999
100000,5e-05,1,3.9,0.99999
100000,5e-05,1,5.2,0.99998
100000,5e-05,1,3.4,0.99998
100000,5e-05,1,4.5,0.99971
100000,5e-05,1,9.2,0.99999
100000,5e-05,1,1.1,0.03986
100000,5e-05,1,8.8,0.99999
100000,5e-05,1,0.6,0.04254
100000,5e-05,1,9.3,0.99999
100000,5e-05,1,5.9,0.99999
100000,5e-05,1,1.8,0.04151
100000,5e-05,1,5.8,0.99999
100000,5e-05,1,6.6,0.99996
100000,5e-05,1,3.6,0.99991
100000,5e-05,1,2.5,0.04765
100000,5e-05,1,4.2,0.99987
100000,5e-05,1,9.0,0.99997
100000,5e-05,1,0.3,0.0464
100000,5e-05,1,7.4,0.99999
100000,5e-05,1,9.7,0.99999
100000,5e-05,1,3.6,0.99999
100000,5e-05,1,7.8,0.99999
100000,5e-05,1,5.2,0.99996
100000,5e-05,1,8.2,0.99999
100000,5e-05,1,4.8,0.99998
100000,5e-05,1,4.1,0.99999
100000,5e-05,1,5.7,0.99996
100000,5e-05,1,9.9,0.99998
100000,5e-05,1,5.6,0.99999
100000,5e-05,1,6.9,0.99995
100000,5e-05,1,2.7,0.99999
100000,5e-05,1,8.6,0.99995
100000,5e-05,1,1.6,0.04076
100000,5e-05,1,2.6,0.05161
100000,5e-05,1,5.2,0.99999
100000,5e-05,1,8.3,0.99996
100000,5e-05,1,1.5,0.99999
100000,5e-05,1,1.6,0.03957
100000,5e-05,1,5.0,0.99999
100000,5e-05,1,7.1,0.99997
100000,5e-05,1,9.3,0.99999
100000,5e-05,1,4.5,0.99997
100000,5e-05,1,0.9,0.04135
100000,5e-05,1,7.3,0.9998
100000,5e-05,1,0.4,0.0442
100000,5e-05,1,2.6,0.99997
100000,5e-05,1,7.8,0.99999
100000,5e-05,1,7.0,0.99998
100000,5e-05,1,5.2,0.99996
100000,5e-05,1,8.6,0.99999
100000,5e-05,1,8.9,0.99999
100000,5e-05,1,8.8,0.99999
100000,5e-05,1,2.5,0.04857
100000,5e-05,1,6.8,0.99998
100000,5e-05,1,0.8,0.04263
100000,5e-05,1,4.8,0.99999
100000,5e-05,1,1.5,0.0407
100000,5e-05,1,4.0,0.99995
100000,5e-05,1,6.0,0.99999
100000,5e-05,1,9.1,0.99999
100000,5e-05,1,5.1,0.99999
100000,5e-05,1,9.6,0.99997
100000,5e-05,1,1.1,0.0405
100000,5e-05,1,7.0,0.99999
100000,5e-05,1,9.9,0.99999
100000,5e-05,1,7.8,0.99999
100000,5e-05,1,9.1,0.99993
100000,5e-05,1,6.9,0.99999
100000,5e-05,1,6.3,0.99995
100000,5e-05,1,1.6,0.04196
100000,5e-05,1,8.1,0.99998
100000,5e-05,1,7.8,0.99997
100000,5e-05,1,0.0,0.04987
100000,5e-05,1,9.7,0.99995
100000,5e-05,1,2.3,0.04794
100000,5e-05,1,6.4,0.99995
100000,5e-05,1,5.5,0.99996
100000,5e-05,1,3.3,0.99999
100000,5e-05,1,7.5,0.99992
100000,5e-05,1,5.9,0.99999
100000,5e-05,1,8.7,0.99999
100000,5e-05,1,5.2,0.99999
100000,5e-05,1,3.6,0.99994
100000,5e-05,1,4.2,0.99999
100000,5e-05,1,2.3,0.99997
100000,5e-05,1,1.7,0.99995
100000,5e-05,1,4.7,0.99978
100000,5e-05,1,1.0,0.04226
100000,5e-05,1,7.5,0.99996
100000,5e-05,1,5.8,0.99952
100000,5e-05,1,9.4,0.99999
100000,5e-05,1,2.5,0.99995
100000,5e-05,1,1.0,0.04155
100000,5e-05,1,9.7,0.99999
100000,5e-05,1,8.1,0.99997
100000,5e-05,1,4.6,0.99999
100000,5e-05,1,4.6,0.99976
100000,5e-05,1,0.7,0.04242
100000,5e-05,1,8.2,0.99999
100000,5e-05,1,0.2,0.04597
100000,5e-05,1,1.2,0.04129
100000,5e-05,1,1.2,0.04036
100000,5e-05,1,7.4,0.99999
100000,5e-05,1,8.2,0.99999
100000,5e-05,1,6.3,0.99999
100000,5e-05,1,5.2,0.99999
100000,5e-05,1,7.8,0.99998
100000,5e-05,1,5.8,0.99983
100000,5e-05,1,8.8,0.99999
100000,5e-05,1,3.1,0.06395
100000,5e-05,1,9.4,0.99999
100000,5e-05,1,3.0,0.06205
100000,5e-05,1,4.9,0.99999
100000,5e-05,1,4.0,0.99969
100000,5e-05,1,4.4,0.99992
100000,5e-05,1,8.1,0.99999
100000,5e-05,1,9.2,0.99995
100000,5e-05,1,2.5,0.0494
100000,5e-05,1,8.2,0.99998
100000,5e-05,1,6.5,0.99999
100000,5e-05,1,8.4,0.99997
100000,5e-05,1,1.6,0.99999
100000,5e-05,1,2.7,0.05134
100000,5e-05,1,5.0,0.99999
100000,5e-05,1,2.2,0.99999
100000,5e-05,1,0.7,0.04293
100000,5e-05,1,1.7,0.99999
100000,5e-05,1,3.5,0.99923
100000,5e-05,1,6.6,0.99978
100000,5e-05,1,7.9,0.99999
100000,5e-05,1,4.4,0.99946
100000,5e-05,1,4.8,0.99992
100000,5e-05,1,3.4,0.99998
100000,5e-05,1,5.4,0.99987
100000,5e-05,1,2.1,0.99997
100000,5e-05,1,9.2,0.99999
100000,5e-05,1,1.6,0.04134
100000,5e-05,1,5.3,0.99981
100000,5e-05,1,1.0,0.04134
100000,5e-05,1,6.0,0.99999
100000,5e-05,1,4.7,0.99998
100000,5e-05,1,5.2,0.99999
100000,5e-05,1,7.9,0.99999
100000,5e-05,1,0.9,0.04121
100000,5e-05,1,3.2,0.99999
100000,5e-05,1,3.3,0.99998
100000,5e-05,1,2.8,0.05566
100000,5e-05,1,7.6,0.99998
100000,5e-05,1,6.7,0.99999
100000,5e-05,1,1.5,0.03955
100000,5e-05,1,8.5,0.99999
100000,5e-05,1,2.0,0.04416
100000,5e-05,1,0.1,0.04826
100000,5e-05,1,6.5,0.99999
100000,5e-05,1,7.3,0.99999
100000,5e-05,1,6.6,0.99999
100000,5e-05,1,2.7,0.99996
100000,5e-05,1,7.9,0.99997
100000,5e-05,1,5.1,0.99999
100000,5e-05,1,4.0,0.99997
100000,5e-05,1,8.3,0.99999
100000,5e-05,1,1.0,0.99999
100000,5e-05,1,9.5,0.99999
100000,5e-05,1,0.9,0.04101
100000,5e-05,1,9.4,0.99999
100000,5e-05,1,1.8,0.04096
100000,5e-05,1,1.7,0.04165
100000,5e-05,1,3.3,0.99997
100000,5e-05,1,7.0,0.99999
100000,5e-05,1,1.2,0.99999
100000,5e-05,1,6.0,0.99997
100000,5e-05,1,3.0,0.99999
100000,5e-05,1,9.3,0.99993
100000,5e-05,1,9.7,0.99998
100000,5e-05,1,7.3,0.99999
100000,5e-05,1,5.5,0.99996
100000,5e-05,1,4.1,0.99964
100000,5e-05,1,7.8,0.99998
100000,5e-05,1,6.9,0.99997
100000,5e-05,1,6.1,0.99999
100000,5e-05,1,1.0,0.04107
100000,5e-05,1,3.1,0.99999
100000,5e-05,1,9.2,0.99999
100000,5e-05,1,4.4,0.99999
100000,5e-05,1,8.9,0.99999
100000,5e-05,1,8.1,0.99999
100000,5e-05,1,2.7,0.99994
100000,5e-05,1,9.7,0.99999
100000,5e-05,1,5.3,0.99994
100000,5e-05,1,0.7,0.04286
100000,5e-05,1,6.9,0.99993
100000,5e-05,1,9.8,0.99999
100000,5e-05,1,3.5,0.99988
100000,5e-05,1,2.8,0.99992
100000,5e-05,1,8.2,0.99991
100000,5e-05,1,7.6,0.99999
100000,5e-05,1,3.1,0.99986
100000,5e-05,1,3.2,0.06802
100000,5e-05,1,5.9,0.99991
100000,5e-05,1,6.2,0.99999
100000,5e-05,1,1.4,0.99999
100000,5e-05,1,4.5,0.99993
100000,5e-05,1,1.0,0.04064
100000,5e-05,1,9.6,0.99999
100000,5e-05,1,0.7,0.99999
100000,5e-05,1,4.9,0.99997
100000,5e-05,1,3.7,0.09748
100000,5e-05,1,2.4,0.99999
100000,5e-05,1,2.8,0.99999
100000,5e-05,1,4.4,0.99999
100000,5e-05,1,2.8,0.99996
100000,5e-05,1,8.2,0.99999
100000,5e-05,1,3.0,0.05917
100000,5e-05,1,8.6,0.99999
100000,5e-05,1,3.2,0.99999
100000,5e-05,1,6.6,0.99999
100000,5e-05,1,1.7,0.04057
100000,5e-05,1,1.2,0.0401
100000,5e-05,1,2.9,0.0584
100000,5e-05,1,4.6,0.99961
100000,5e-05,1,2.1,0.99997
100000,5e-05,1,0.8,0.04134
100000,5e-05,1,8.7,0.99999
100000,5e-05,1,8.8,0.99999
100000,5e-05,1,7.6,0.99999
100000,5e-05,1,6.8,0.99993
100000,5e-05,1,0.7,0.04172
100000,5e-05,1,8.8,0.99999
100000,5e-05,1,1.3,0.99999
100000,5e-05,1,3.2,0.99999
100000,5e-05,1,8.7,0.99997
100000,5e-05,1,8.5,0.99999
100000,5e-05,1,8.9,0.99999
100000,5e-05,1,9.5,0.99999
100000,5e-05,1,9.7,0.99999
100000,5e-05,1,8.5,0.99999
100000,5e-05,1,1.4,0.0401
100000,5e-05,1,4.5,0.99938
100000,5e-05,1,8.9,0.99999
100000,5e-05,1,4.5,0.99999
100000,5e-05,1,3.1,0.99999
